Stadt,"Post-leitzahl 1)","Fläche in km2 2)",männlich
"Berlin, Stadt",10178,891.12,1755700
"Hamburg, Freie und Hansestadt",20038,755.3,886289
"München, Landeshauptstadt",80331,310.71,714112
"Köln, Stadt",50667,405.02,524790
"Frankfurt am Main, Stadt",60311,248.31,363754
"Stuttgart, Landeshauptstadt",70173,207.33,313295
"Düsseldorf, Stadt",40213,217.41,296231
"Dortmund, Stadt",44135,280.71,287897
"Essen, Stadt",45127,210.34,283065
"Leipzig, Stadt",4109,297.8,280292
"Bremen, Stadt",28195,326.18,279170
"Dresden, Stadt",1067,328.48,272398
"Hannover, Landeshauptstadt",30159,204.3,259559
Nürnberg,90403,186.45,248451
"Duisburg, Stadt",47051,232.8,247099
"Bochum, Stadt",44787,145.66,177592
"Wuppertal, Stadt",42275,168.39,172255
"Bielefeld, Stadt",33602,258.82,161109
"Bonn, Stadt",53111,141.06,153493
"Münster, Stadt",48143,303.28,149412
"Karlsruhe, Stadt",76133,173.42,158207
"Mannheim, Universitätsstadt",68159,144.97,152203
Augsburg,86150,146.87,142033
"Wiesbaden, Landeshauptstadt",65183,203.93,132595
"Gelsenkirchen, Stadt",45879,104.94,130776
"Mönchengladbach, Stadt",41061,170.47,128169
"Braunschweig, Stadt",38100,192.7,122814
"Kiel, Landeshauptstadt",24103,118.65,120473
"Chemnitz, Stadt",9111,221.05,121279
"Aachen, Stadt",52062,160.85,127246
"Magdeburg, Landeshauptstadt",39104,201.01,117527
"Halle (Saale), Stadt",6108,135.02,115198
"Freiburg im Breisgau, Stadt",79098,153.04,108503
"Krefeld, Stadt",47803,137.77,110593
"Lübeck, Hansestadt",23539,214.21,103921
"Mainz, Stadt",55116,97.73,103861
"Oberhausen, Stadt",46045,77.09,103720
"Erfurt, Stadt",99084,269.91,102577
"Rostock, Hansestadt",18055,181.36,102082
"Kassel, documenta-Stadt",34117,106.78,97228
"Hagen, Stadt der FernUniversität",58095,160.45,91677
"Saarbrücken, Landeshauptstadt",66111,167.52,89041
"Hamm, Stadt",59065,226.43,88209
"Potsdam, Stadt",14461,188.26,83060
"Mülheim an der Ruhr, Stadt",45468,91.28,82431
"Ludwigshafen am Rhein, Stadt",67059,77.43,82629
"Oldenburg (Oldenburg), Stadt",26122,103.09,79125
"Osnabrück, Stadt",49074,119.8,79430
"Leverkusen, Stadt",51373,78.87,79343
"Heidelberg, Stadt",69117,108.89,77167
"Solingen, Klingenstadt",42651,89.54,77127
"Darmstadt, Wissenschaftsstadt",64283,122.09,80183
"Herne, Stadt",44623,51.42,76745
"Neuss, Stadt",41460,99.52,74085
"Paderborn, Stadt",33098,179.59,73899
Regensburg,93047,80.85,71800
Ingolstadt,85049,133.35,67383
Würzburg,97070,87.6,59978
Fürth,90762,63.35,61372
"Offenbach am Main, Stadt",63065,44.89,61529
"Ulm, Universitätsstadt",89073,118.68,61244
"Wolfsburg, Stadt",38440,204.61,61644
"Heilbronn, Stadt",74072,99.89,62188
"Pforzheim, Stadt",75175,98.07,60582
"Göttingen, Stadt",37083,116.93,57943
"Bottrop, Stadt",46236,100.61,57195
"Reutlingen, Stadt",72764,87.04,56748
"Recklinghausen, Stadt",45657,66.5,55494
"Koblenz, Stadt",56068,105.25,55055
"Bremerhaven, Stadt",27576,93.66,56304
"Bergisch Gladbach, Stadt",51465,83.09,53499
"Remscheid, Stadt",42853,74.52,54533
"Jena, Stadt",7743,114.76,54968
Erlangen,91052,76.96,54603
"Trier, Stadt",54290,117.07,54231
"Moers, Stadt",47441,67.68,50413
"Salzgitter, Stadt",38226,224.49,51528
"Siegen, Universitätsstadt",57072,114.69,49735
"Hildesheim, Stadt",31134,92.29,48241
"Cottbus, Stadt",3046,165.62,49542
"Kaiserslautern, Stadt",67657,139.7,50008
"Gütersloh, Stadt",33330,112.02,48898
"Witten, Stadt",58452,72.4,47105
"Schwerin, Landeshauptstadt",19053,130.52,46111
"Hanau, Brüder-Grimm-Stadt",63450,76.49,47187
"Gera, Stadt",7545,152.19,45757
"Iserlohn, Stadt",58636,125.49,45618
"Ludwigsburg, Stadt",71638,43.34,45728
"Esslingen am Neckar, Stadt",73728,46.43,45838
"Zwickau, Stadt",8056,102.58,44112
"Düren, Stadt",52349,85,44430
"Tübingen, Universitätsstadt",72070,108.07,41944
"Flensburg, Stadt",24937,56.74,43617
"Ratingen, Stadt",40878,88.74,41726
"Gießen, Universitätsstadt",35390,72.55,42316
"Lünen, Stadt",44532,59.39,42045
"Villingen-Schwenningen, Stadt",78050,165.5,41274
"Konstanz, Universitätsstadt",78462,54.11,40262
"Marl, Stadt",45768,87.76,41190
"Worms, Stadt",67547,108.73,40542
"Dessau-Roßlau, Stadt",6844,244.75,40105
"Velbert, Stadt",42551,74.9,39905
"Minden, Stadt",32423,101.12,40087
"Neumünster, Stadt",24534,71.63,39438
"Norderstedt, Stadt",22846,58.1,37819
"Delmenhorst, Stadt",27749,62.45,38169
"Viersen, Stadt",41747,91.1,36918
"Wilhelmshaven, Stadt",26382,107.07,37511
Bamberg,96047,54.62,36286
"Gladbeck, Stadt",45964,35.97,36763
"Rheine, Stadt",48431,145,37264
"Dorsten, Stadt",46284,171.2,36603
"Marburg, Universitätsstadt",35037,123.92,35645
"Troisdorf, Stadt",53840,62,36507
"Lüneburg, Hansestadt",21335,70.5,35901
"Castrop-Rauxel, Stadt",44575,51.68,36011
"Arnsberg, Stadt",59759,193.72,36405
"Detmold, Stadt",32756,129.39,35557
"Lüdenscheid, Stadt",58507,87.02,35905
Bayreuth,95444,66.89,35438
"Brandenburg an der Havel, Stadt",14770,229.72,35380
"Bocholt, Stadt",46395,119.4,34938
Landshut,84028,65.83,33927
"Celle, Stadt",29221,176.02,33697
Aschaffenburg,63739,62.45,33450
"Lippstadt, Stadt",59555,113.68,33375
"Dinslaken, Stadt",46535,47.66,32808
"Aalen, Stadt",73430,146.58,33502
"Kempten (Allgäu)",87435,63.28,33437
"Fulda, Stadt",36037,104.04,32968
"Herford, Hansestadt",32052,79.16,32405
"Kerpen, Kolpingstadt",50171,113.96,32252
"Plauen, Stadt",8523,102.11,31647
"Neuwied, Stadt",56564,86.5,31598
"Weimar, Stadt",99423,84.48,31152
"Sindelfingen, Stadt",71063,50.83,31833
"Rüsselsheim am Main, Stadt",65428,58.29,31833
"Dormagen, Stadt",41539,85.5,31802
"Neubrandenburg, Stadt",17033,86.11,30942
"Grevenbroich, Stadt",41515,102.41,30558
Rosenheim,83022,37.22,30760
"Herten, Stadt",45699,37.33,30039
"Garbsen, Stadt",30827,79.49,29685
"Wesel, Stadt",46483,122.56,29550
"Schwäbisch Gmünd, Stadt",73525,113.78,29478
"Bergheim, Stadt",50126,96.34,29634
"Friedrichshafen, Stadt",88045,69.93,29586
"Hürth, Stadt",50354,51.22,28985
"Stralsund, Hansestadt",18439,54.14,29076
"Offenburg, Stadt",77652,78.37,28811
"Langenfeld (Rheinland), Stadt",40764,41.15,28461
"Frankfurt (Oder), Stadt",15230,147.85,28116
"Greifswald, Hansestadt",17489,50.81,27932
"Euskirchen, Stadt",53879,139.49,28074
"Neu-Ulm, GKSt",89231,80.95,28080
"Göppingen, Stadt",73033,59.21,28140
"Unna, Stadt4)",59423,88.56,/
"Hameln, Stadt",31785,102.53,27063
"Stolberg (Rhld.), Kupferstadt",52222,98.48,27937
"Sankt Augustin, Stadt",53757,34.22,27428
"Eschweiler, Stadt",52249,75.75,27331
"Görlitz, Stadt",2826,67.52,26915
"Hilden, Stadt",40721,25.95,26782
"Meerbusch, Stadt",40667,64.39,26219
"Waiblingen, Stadt",71332,42.75,26866
"Hattingen, Stadt",45525,71.66,26581
"Baden-Baden, Stadt",76530,140.19,25920
"Lingen (Ems), Stadt",49808,176.19,26677
"Pulheim, Stadt",50259,72.15,25981
"Bad Salzuflen, Stadt",32105,100.05,25803
"Bad Homburg v. d. Höhe, Stadt",61348,51.16,25444
"Langenhagen, Stadt",30853,71.97,26236
"Menden (Sauerland), Stadt",58706,86.1,26180
"Nordhorn, Stadt",48529,149.87,26280
"Neustadt an der Weinstraße, Stadt",67433,117.09,25873
"Ahlen, Stadt",59227,123.13,25899
Schweinfurt,97421,35.7,25637
"Wetzlar, Stadt",35578,75.67,25250
"Wolfenbüttel, Stadt",38300,78.74,25858
"Frechen, Stadt",50226,45.06,25422
"Goslar, Stadt",38640,163.88,25061
"Ibbenbüren, Stadt",49477,108.87,25320
Passau,94032,69.56,24380
"Kleve, Stadt",47533,97.76,25249
"Willich, Stadt",47877,67.8,24904
"Speyer, Stadt",67346,42.71,24413
"Emden, Stadt",26721,112.34,25205
"Gummersbach, Stadt",51643,95.42,24849
"Ravensburg, Stadt",88212,92.05,24683
"Bad Kreuznach, Stadt",55545,55.56,23729
"Peine, Stadt",31224,119.84,24507
"Böblingen, Stadt",71032,39.04,24416
"Erftstadt, Stadt",50374,119.89,24033
"Elmshorn, Stadt",25335,21.37,24084
"Lörrach, Stadt",79539,39.37,23676
"Bad Oeynhausen, Stadt",32545,64.83,23855
"Heidenheim an der Brenz, Stadt",89522,107.09,24145
"Cuxhaven, Stadt",27472,161.92,23048
"Bergkamen, Stadt",59192,44.9,23947
"Rheda-Wiedenbrück, Stadt",33378,86.72,24273
"Rastatt, Stadt",76437,58.98,23980
"Frankenthal (Pfalz), Stadt",67227,43.88,23483
"Freising, GKSt",85354,88.59,24051
"Bornheim, Stadt",53332,82.69,23342
"Leonberg, Stadt",71229,48.73,23707
"Singen (Hohentwiel), Stadt",78224,61.77,23154
"Soest, Stadt",59494,85.81,22876
"Gronau (Westf.), Stadt",48599,78.82,23547
"Hennef (Sieg), Stadt",53773,105.89,23043
"Stade, Hansestadt",21682,110.07,23073
Straubing,94315,67.59,23683
"Dachau, GKSt",85221,34.96,23000
"Neunkirchen, Kreisstadt",66538,75.26,23072
"Schwerte, Hansestadt an der Ruhr",58239,56.23,22810
"Alsdorf, Stadt",52477,31.68,23160
"Herzogenrath, Stadt",52134,33.38,22692
"Dülmen, Stadt",48249,184.83,22627
"Wittenberg, Lutherstadt",6886,240.41,22320
"Melle, Stadt",49324,253.95,22900
"Landau in der Pfalz, Stadt",76829,82.94,21759
"Oberursel (Taunus), Stadt",61440,45.37,22195
"Lahr/Schwarzwald, Stadt",77933,69.84,22740
"Bünde, Stadt",32257,59.3,22245
"Fellbach, Stadt",70734,27.71,22007
"Filderstadt, Stadt",70794,38.55,22513
Hof,95028,58.02,21631
"Gotha, Stadt",99867,69.58,22206
"Weinheim, Stadt",69469,58.11,21954
"Albstadt, Stadt",72458,134.4,22020
"Rodgau, Stadt",63110,65.04,22086
"Erkrath, Fundort des Neanderthalers, Stadt",40699,26.88,21369
"Brühl, Stadt",50321,36.12,21130
"Bruchsal, Stadt",76646,93.19,22208
"Rottenburg am Neckar, Stadt",72108,142.26,22135
"Oranienburg, Stadt",16515,163.66,21618
"Neustadt am Rübenberge, Stadt",31535,358.96,21771
"Lehrte, Stadt",31275,127.67,21685
"Kamen, Stadt",59174,40.95,21423
"Erkelenz, Stadt",41812,117.34,21204
Memmingen,87700,70.11,21331
"Kaarst, Stadt",41564,37.39,20748
Kaufbeuren,87600,40.02,21192
"Falkensee, Stadt",14612,43.27,21107
"Bietigheim-Bissingen, Stadt",74321,31.29,21239
"Wismar, Hansestadt",23952,41.72,21023
"Halberstadt, Stadt",38820,142.98,22117
"Pinneberg, Stadt",25421,21.54,20701
"Eisenach, Stadt",99817,104.17,20969
"Weiden i.d.OPf.",92637,70.57,20457
"Borken, Stadt",46325,152.97,20838
Amberg,92224,50.13,20901
"Nordhausen, Stadt",99734,105.62,20660
"Nettetal, Stadt",41334,83.87,20804
"Homburg, Kreisstadt",66424,82.61,20562
"Gifhorn, Stadt",38518,105.39,20753
"Aurich, Stadt",26603,197.29,20579
"Freiberg, Stadt, Universitätsstadt",9599,48.32,20955
Ansbach,91522,99.91,19885
"Wunstorf, Stadt",31515,125.74,20210
"Heinsberg, Stadt",52525,92.21,20386
"Laatzen, Stadt",30880,34.16,20031
"Lemgo, Stadt",32657,100.85,20309
Coburg,96450,48.29,19929
"Dreieich, Stadt",63303,53.3,20125
"Siegburg, Stadt",53721,23.66,20149
"Königswinter, Stadt",53639,76.17,19936
"Monheim am Rhein, Stadt",40789,23.05,19633
"Nürtingen, Stadt",72622,46.88,20364
Schwabach,91126,40.8,19821
"Weißenfels, Stadt",6667,113.55,20632
"Pirmasens, Stadt",66953,61.36,19684
"Bensheim, Stadt",64625,57.83,19662
"Stendal, Hansestadt",39576,268.02,19671
"Kirchheim unter Teck, Stadt",73230,40.47,19826
"Germering, GKSt",82110,21.6,19296
"Buxtehude, Hansestadt",21614,76.69,19907
"Eberswalde, Stadt",16225,93.64,19708
"Bautzen, Stadt",2625,66.69,19425
"Bitterfeld-Wolfen, Stadt",6766,86.96,19252
"Löhne, Stadt",32584,59.51,19457
"Leinfelden-Echterdingen, Stadt",70771,29.89,19732
"Völklingen, Stadt",66333,67.1,19277
"Neumarkt i.d.OPf., GKSt",92318,79.01,19306
"Schorndorf, Stadt",73614,56.83,19385
"Hofheim am Taunus, Kreisstadt",65719,57.38,19265
"Hückelhoven, Stadt",41836,61.27,19502
"Freital, Stadt",1705,40.45,19177
"Ettlingen, Stadt",76275,56.75,19208
"Schwäbisch Hall, Stadt",74523,104.24,19058
"Ahaus, Stadt",48683,151.24,19651
"Ostfildern, Stadt",73760,22.81,19188
"Würselen, Stadt",52146,34.39,19033
"Maintal, Stadt",63477,32.4,19085
"Mettmann, Stadt",40822,42.56,18661
"Buchholz in der Nordheide, Stadt",21244,74.76,18512
"Pirna, Stadt",1796,53.06,18556
"Haltern am See, Stadt",45721,159.03,18455
"Niederkassel, Stadt",53859,35.79,18674
"Bernau bei Berlin, Stadt",16321,104.17,18378
"Neu-Isenburg, Stadt",63263,24.31,18508
"Kamp-Lintfort, Stadt",47475,63.14,18402
"Langen (Hessen), Stadt",63225,29.12,18343
"Fürstenfeldbruck, GKSt",82256,32.53,18425
"Warendorf, Stadt",48231,176.88,18041
"Greven, Stadt",48268,140.26,18318
"Beckum, Stadt",59269,111.46,18170
"Papenburg, Stadt",26871,118.44,18645
"Backnang, Stadt",71522,39.38,18172
"Königs Wusterhausen, Stadt",15711,96.04,17909
"Coesfeld, Stadt",48653,141.36,17907
"Erding, GKSt",85435,54.61,17565
"Emsdetten, Stadt",48282,72.06,18025
"Voerde (Niederrhein), Stadt",46562,53.49,17748
"St. Ingbert, Stadt",66386,49.95,17305
"Wesseling, Stadt",50389,23.37,17691
"Porta Westfalica, Stadt",32457,105.22,17648
"Suhl, Stadt",98527,103.03,17337
"Sinsheim, Stadt",74889,126.99,17681
"Kehl, Stadt",77694,75.07,17487
"Lage, Stadt",32791,76.04,17317
"Tuttlingen, Stadt",78532,90.45,17378
"Meppen, Stadt",49716,188.4,17210
"Kempen, Stadt",47906,68.8,16997
"Saarlouis, Kreisstadt",66740,43.28,16960
"Limburg a.d. Lahn, Kreisstadt",65549,45.15,17183
"Wermelskirchen, Stadt",42929,74.8,16917
"Datteln, Stadt",45711,66.1,16930
"Zweibrücken, Stadt",66482,70.64,17012
"Winsen (Luhe), Stadt",21423,109.79,16838
"Cloppenburg, Stadt",49661,70.86,16825
"Mörfelden-Walldorf, Stadt",64546,44.15,17211
"Leer (Ostfriesland), Stadt",26789,70.11,17008
"Viernheim, Stadt",68519,48.4,16734
"Merseburg, Stadt",6217,53.76,16526
"Barsinghausen, Stadt",30890,102.81,16739
"Dietzenbach, Kreisstadt",63128,21.67,16934
"Radebeul, Stadt",1445,26.14,16333
"Hemer, Stadt4)",58675,67.66,/
"Geldern, Stadt",47608,96.97,16901
"Seelze, Stadt",30926,54.08,16704
"Balingen, Stadt",72336,90.32,16407
"Crailsheim, Stadt",74564,109.08,16962
"Goch, Stadt",47574,115.43,16885
"Uelzen, Hansestadt",29525,136.84,16338
"Steinfurt, Stadt",48565,111.67,16678
"Hoyerswerda, Stadt",2977,95.53,16132
"Bernburg (Saale), Stadt",6406,113.48,16409
"Kornwestheim, Stadt",70806,14.65,16599
"Bad Vilbel, Stadt",61118,25.68,16229
"Wedel, Stadt",22880,33.82,16155
"Mühlhausen/Thüringen, Stadt",99974,86.74,16080
"Korschenbroich, Stadt",41352,55.26,16040
"Ahrensburg, Stadt",22926,35.3,15630
"Wernigerode, Stadt",38855,170.18,15624
"Rheinfelden (Baden), Stadt",79618,62.82,16069
"Altenburg, Stadt",4600,45.69,15888
"Naumburg (Saale), Stadt",6618,129.9,15889
"Deggendorf, GKSt",94469,77.14,16090
"Biberach an der Riß, Stadt",88400,72.15,16108
"Lampertheim, Stadt",68623,72.28,16113
"Jülich, Stadt",52428,90.39,16197
"Vechta, Stadt",49377,87.88,15943
"Fürstenwalde/Spree, Stadt",15517,70.68,15884
"Delbrück, Stadt",33129,157.28,16295
"Forchheim, GKSt",91301,44.45,15366
"Bad Nauheim, Stadt",61231,32.54,15040
"Itzehoe, Stadt",25524,28.03,15266
"Georgsmarienhütte, Stadt",49124,55.45,15471
"Oer-Erkenschwick, Stadt",45739,38.66,15639
"Achim, Stadt",28832,68.06,15276
"Rheinberg, Stadt",47495,75.24,15353
"Nienburg (Weser), Stadt",31582,64.53,15205
"Herrenberg, Stadt",71083,65.7,15275
"Bramsche, Stadt",49565,183.39,15799
"Kreuztal, Stadt",57223,71.07,15409
"Einbeck, Stadt",37574,231.92,15156
"Schönebeck (Elbe), Stadt",39218,86.02,15010
"Geestland, Stadt",27607,356.83,15136
"Neuruppin, Stadt",16816,305.25,15208
"Gevelsberg, Stadt",58285,26.34,15076
"Riesa, Stadt",1589,58.91,14992
"Emmerich am Rhein, Stadt",46446,80.4,15583
"Werl, Stadt",59457,76.35,15776
"Radolfzell am Bodensee, Stadt",78315,58.55,14897
"Geesthacht, Stadt",21502,33.25,14917
"Haan, Stadt",42781,24.19,14574
"Osterholz-Scharmbeck, Stadt",27711,147.17,14921
"Lohmar, Stadt",53797,65.62,14968
"Burgdorf, Stadt",31303,112.56,14872
"Schwedt/Oder, Stadt",16303,205.56,14509
"Weil am Rhein, Stadt",79576,19.46,14621
"Meschede, Kreis- und  Hochschulstadt",59872,218.5,14893
"Ennepetal, Stadt der Kluterthöhle",58256,57.77,14581
"Werne, Stadt",59368,76.14,14488
"Merzig, Kreisstadt",66663,108.98,14742
"Andernach, Stadt",56626,53.34,14389
"Bad Hersfeld, Kreisstadt",36251,73.82,14477
"Neuburg a.d.Donau, GKSt",86633,81.29,14908
"Friedberg, St",86316,81.25,14438
"Taunusstein, Stadt",65232,67.03,14278
"Rietberg, Stadt",33397,110.31,14861
"Höxter, Stadt",37671,158.16,14564
"Gaggenau, Stadt",76571,65.01,14406
"Oelde, Stadt",59302,102.77,14670
"Waltrop, Stadt",45731,47.09,14195
"Tönisvorst, Stadt",47918,44.34,14239
"Güstrow, Stadt",18273,71.09,14139
"Vaihingen an der Enz, Stadt",71665,73.4,14469
"Northeim, Stadt",37154,145.85,14163
"Bretten, Stadt",75015,71.1,14416
"Bühl, Stadt",77815,73.18,14186
"Zeitz, Stadt",6712,87.18,13988
"Landsberg am Lech, GKSt",86899,57.91,14395
"Springe, Stadt",31832,160.12,13976
"Rösrath, Stadt",51503,38.8,14126
"Unterschleißheim, St",85716,14.93,14509
"Kelkheim (Taunus), Stadt",65779,30.65,14079
"Schwandorf, GKSt",92421,123.81,14291
"Friedberg (Hessen), Kreisstadt",61169,50.17,14279
"Schwelm, Stadt",58332,20.49,13722
"Idar-Oberstein, Stadt",55743,91.58,13880
"Grimma, Stadt",4668,218.25,13952
"Kevelaer, Stadt",47623,100.64,13916
"Rendsburg, Stadt",24768,23.73,13926
"Wegberg, Stadt",41844,84.34,13886
"Winnenden, Stadt",71364,28.05,13956
"Mühlheim am Main, Stadt",63165,20.67,13925
"Leichlingen (Rheinland), Blütenstadt",42799,37.26,13546
"Sundern (Sauerland), Stadt",59846,193.27,14069
"Meißen, Stadt",1662,30.92,13481
"Bad Neuenahr-Ahrweiler, Stadt",53474,63.38,13005
"Wetter (Ruhr), Stadt",58300,31.55,13680
"Königsbrunn, St",86343,18.4,13727
"Aschersleben, Stadt",6449,156.22,13399
"Baunatal, Stadt",34225,38.26,13408
"Rödermark, Stadt",63322,29.99,13468
"Geislingen an der Steige, Stadt",73312,75.83,13744
"Verden (Aller), Stadt",27283,71.7,13341
"Emmendingen, Stadt",79312,33.78,13301
"Reinbek, Stadt",21465,31.23,13460
"Olching, St",82140,29.92,13332
"Hattersheim am Main, Stadt",65795,15.81,13634
"Sangerhausen, Stadt",6526,207.66,13363
"Mechernich, Stadt",53894,136.48,13616
"Rheinbach, Stadt",53359,69.72,13530
"Neukirchen-Vluyn, Stadt",47506,43.5,13174
"Wangen im Allgäu, Stadt",88239,101.35,13207
"Overath, Stadt",51491,68.88,13375
"Griesheim, Stadt",64347,21.55,13567
"Leimen, Stadt",69181,20.64,13297
"Baesweiler, Stadt",52499,27.76,13197
"Geilenkirchen, Stadt",52511,83.2,13415
"Hamminkeln, Stadt",46499,164.53,13396
"Schloß Holte-Stukenbrock, Stadt",33758,67.52,13170
"Weinstadt, Stadt",71384,31.71,13144
"Wiesloch, Stadt",69168,30.24,13194
"Lohne (Oldenburg), Stadt",49393,91.11,13495
"Strausberg, Stadt",15344,67.95,12698
"Neckarsulm, Stadt",74172,24.94,13106
"Lauf a.d.Pegnitz, St",91207,59.77,12860
"Eisenhüttenstadt, Stadt",15890,63.47,12771
"Nordenham, Stadt",26954,87.77,13059
"Köthen (Anhalt), Stadt",6366,78.44,12841
"Staßfurt, Stadt",39418,146.71,12734
"Hennigsdorf, Stadt",16761,31.47,12816
"St. Wendel, Kreisstadt",66606,113.53,12808
"Heiligenhaus, Stadt",42579,27.52,12742
"Ilmenau, Stadt",98693,62.73,13484
"Remseck am Neckar, Stadt",71686,22.82,12761
"Butzbach, Friedrich-Ludwig-Weidig-Stadt",35510,106.6,12889
"Kulmbach, GKSt",95326,92.77,12498
"Mühlacker, Stadt",75417,54.32,12817
"Ehingen (Donau), Stadt",89584,178.33,13044
"Lennestadt, Stadt",57368,135.59,12957
"Heppenheim (Bergstraße), Kreisstadt",64646,52.14,12726
"Zittau, Stadt",2763,66.75,12564
"Selm, Stadt",59379,60.41,12525
"Bad Honnef, Stadt",53604,48.17,12349
"Hohen Neuendorf, Stadt",16540,48.56,12470
"Teltow, Stadt",14513,21.6,12605
"Brilon, Stadt",59929,229.16,12541
"Weiterstadt, Stadt",64331,34.4,12936
"Lübbecke, Stadt",32312,65.04,12413
"Plettenberg, Stadt",58840,96.76,12728
"Rinteln, Stadt",31737,109.02,12517
"Zirndorf, St",90513,28.79,12310
"Verl, Stadt",33415,71.37,13019
"Bingen am Rhein, Stadt",55411,37.71,12518
"Pfaffenhofen a.d.Ilm, St",85276,92.64,12663
"Werder (Havel), Stadt",14542,117.05,12508
"Petershagen, Stadt",32469,211.94,12752
"Achern, Stadt",77855,65.24,12563
"Friedrichsdorf, Stadt",61381,30.16,12472
"Lindau (Bodensee), GKSt",88131,33.06,12111
"Ludwigsfelde, Stadt",14974,109.98,12479
"Rottweil, Stadt",78628,71.76,12395
"Norden, Stadt",26506,106.32,12270
"Wiehl, Stadt",51674,53.26,12212
"Salzkotten, Stadt",33154,109.8,12421
"Roth, St",91154,96.33,12245
"Warstein, Stadt",59581,158.03,12525
"Sprockhövel, Stadt",45549,47.94,12074
"Bad Oldesloe, Stadt",23843,52.6,12180
"Ingelheim am Rhein, Stadt",55218,49.86,12337
"Schmallenberg, Stadt",57392,303.1,12689
"Saalfeld/Saale, Stadt",7318,48.73,11992
"Harsewinkel, Die Mähdrescherstadt",33428,100.59,12584
"Delitzsch, Stadt",4509,85.92,12140
"Weingarten, Stadt",88250,12.16,11890
"Schleswig, Stadt",24837,24.3,12071
"Senftenberg, Stadt",1968,127.56,12063
"Espelkamp, Stadt",32339,84.21,12092
"Ditzingen, Stadt",71254,30.38,12265
"Groß-Gerau, Stadt",64521,54.48,12283
"Horb am Neckar, Stadt",72160,119.76,12481
"Pfungstadt, Stadt",64319,42.53,12140
"Ellwangen (Jagst), Stadt",73479,127.38,12466
"Obertshausen, Stadt",63179,13.62,11976
"Idstein, Hochschulstadt",65510,79.69,11842
"Lüdinghausen, Stadt",59348,140.54,12215
"Meckenheim, Stadt",53340,34.84,11989
"Olpe, Stadt",57462,85.88,11931
"Geretsried, St",82538,24.6,12056
"Markkleeberg, Stadt",4416,31.44,11693
"Quedlinburg, Welterbestadt",6484,120.44,11618
"Arnstadt, Stadt",99310,55.08,11859
"Syke, Stadt",28857,128.11,12018
"Attendorn, Hansestadt",57439,97.95,12161
"Rathenow, Stadt",14712,113.1,11772
"Salzwedel, Hansestadt",29410,304.58,12028
"Stutensee, Stadt",76297,45.68,11980
"Übach-Palenberg, Stadt",52531,26.12,12167
"Limbach-Oberfrohna, Stadt",9212,50.21,11701
"Ronnenberg, Stadt",30952,37.89,11936
"Eisleben, Lutherstadt",6295,143.87,11692
"Varel, Stadt",26316,113.75,11646
"Waldshut-Tiengen, Stadt",79761,77.97,11738
"Döbeln, Stadt",4720,91.74,11698
"Sonneberg, Stadt",96515,84.69,11551
"Hann. Münden, Stadt",34346,121.16,11721
"Öhringen, Stadt",74613,67.79,11862
"Haren (Ems), Stadt",49733,208.79,11988
"Sehnde, Stadt",31319,103.58,11891
"Korbach, Hansestadt, Kreisstadt",34497,123.98,11483
"Bedburg, Stadt",50181,80.42,11906
"Dillenburg, Stadt",35683,83.89,11614
"Warburg, Hansestadt",34414,168.84,11591
"Netphen, Stadt",57250,137.39,11682
"Riedstadt, Stadt",64560,73.73,11618
"Helmstedt, Stadt",38350,47.14,11347
"Bad Mergentheim, Stadt",97980,129.96,11265
"Starnberg, St",82319,61.85,10904
"Calw, Stadt",75365,59.88,11726
"Walsrode, Stadt",29664,272.29,11433
"Mosbach, Stadt",74821,62.17,11457
"Husum, Stadt",25813,25.81,11075
"Herzogenaurach, St",91074,47.62,11594
"Wertheim, Stadt",97877,138.59,11488
"Waldkraiburg, St",84478,21.56,11484
"Glauchau, Stadt",8371,51.62,11276
"Burg, Stadt",39288,164.05,11552
"Gardelegen, Hansestadt",39638,632.43,11411
"Gelnhausen, Barbarossast., Krst.",63571,45.19,11224
"Freudenstadt, Stadt",72250,87.54,11059
"Herdecke, Stadt",58313,22.39,10841
"Spremberg, Stadt",3130,202.32,11065
"Rudolstadt, Stadt",7407,55.41,11019
"Vreden, Stadt",48691,135.83,11533
"Überlingen, Stadt",88662,58.66,10517
"Lengerich, Stadt",49525,90.79,11145
"Leutkirch im Allgäu, Stadt",88299,174.98,11298
"Radevormwald, Stadt auf der Höhe",42477,53.86,10961
"Westerstede, Stadt",26655,179.55,10972
"Bad Soden am Taunus, Stadt",65812,12.55,10695
"Donaueschingen, Stadt",78166,104.67,11322
"Weilheim i.OB, St",82362,55.5,10746
"Apolda, Stadt",99510,46.27,10966
"Karben, Stadt",61184,43.94,11079
"Stadthagen, Stadt",31655,60.27,10705
"Senden, St",89250,25.21,10818
"Gersthofen, St",86368,34.01,10984
"Friesoythe, Stadt",26169,247.49,11134
"Osterode am Harz, Stadt",37520,102.54,10900
"Sondershausen, Stadt",99706,201.21,10787
"Bad Harzburg, Stadt",38667,65.52,10260
"Nagold, Stadt",72202,63.09,10921
"Eckernförde, Stadt",24340,21.38,10429
"Büdingen, Stadt",63654,122.88,11010
"Bad Kissingen, GKSt",97688,69.92,10078
"Zerbst/Anhalt, Stadt",39261,467.77,10753
"Neusäß, St",86356,25.22,10493
"Waldkirch, Stadt",79183,48.47,10581
"Laupheim, Stadt",88471,61.79,10861
"Metzingen, Stadt",72555,34.55,10661
"Halle (Westf.), Stadt",33790,69.7,10764
"Büren, Stadt",33142,170.99,11174
"Hockenheim, Stadt",68766,34.84,10845
"Schwetzingen, Stadt",68723,21.62,10453
"Xanten, Stadt",46509,72.43,10604
"Rotenburg (Wümme), Stadt",27356,99.06,10573
"Versmold, Stadt",33775,85.57,10868
"Heide, Stadt",25746,31.97,10208
"Sonthofen, St",87527,46.55,10304
"Eppingen, Stadt",75031,88.58,10681
"Stadtallendorf, Stadt",35260,78.29,10640
"Wipperfürth, Hansestadt",51688,118.3,10561
"Waren (Müritz), Stadt",17192,159.46,10061
"Soltau, Stadt",29614,203.77,10449
"Puchheim, St",82178,12.24,10315
"Wülfrath, Stadt",42489,32.27,10384
"Elsdorf, Stadt",50189,66.17,10450
"Eschborn, Stadt",65760,12.13,10407
"Meiningen, Stadt",98617,59.46,10452
"Seligenstadt, Stadt",63500,30.85,10297
"Rees, Stadt",46459,109.86,10404
"Aichach, St",86551,92.84,10306
"Geseke, Stadt",59590,97.88,10499
"Flörsheim am Main, Stadt",65439,22.95,10320
"Reichenbach im Vogtland, Stadt",8468,34.46,10174
"Groß-Umstadt, Stadt",64823,86.84,10451
"Schramberg, Stadt",78713,80.7,10537
"Bad Rappenau, Stadt",74906,73.56,10324
"Greiz, Stadt",7973,76.44,10130
"Fröndenberg/Ruhr, Stadt",58730,56.23,10285
"Werdau, Stadt",8412,65.63,10238
"Traunreut, St",83301,45.06,10329
"Kitzingen, GKSt",97318,46.99,10170
"Blieskastel, Stadt",66440,108.21,10362
"Kaltenkirchen, Stadt",24568,23.1,10219
"Coswig, Stadt",1640,25.88,9994
"Waghäusel, Stadt",68753,42.84,10336
"Quickborn, Stadt",25451,43.17,10106
"Germersheim, Stadt",76726,21.68,10461
"Duderstadt, Stadt",37115,95.64,10149
"Meinerzhagen, Stadt",58540,115.67,10332
"Herborn, Stadt",35745,63.8,10124
"Burgwedel, Stadt",30938,152.85,9815
"Luckenwalde, Stadt",14943,46.61,9962
"Enger, Widukindstadt",32130,41.24,10074
"Bruchköbel, Stadt",63486,29.69,10018
"Wittmund, Stadt",26409,210.15,10062
"Neustrelitz, Stadt",17235,139.86,9893
"Schortens, Stadt",26419,68.8,9980
"Eislingen/Fils, Stadt",73054,16.41,10025
"Stadtlohn, Stadt",48703,79.25,10263
"Dillingen/ Saar, Stadt",66763,22.05,9942
"Rheinstetten, Stadt",76287,32.31,9942
"Annaberg-Buchholz, Stadt",9456,28.15,9747
"Günzburg, GKSt",89312,55.4,9987
"Mössingen, Stadt",72116,50.03,9847
"Blankenburg (Harz), Stadt",38889,148.94,9740
"Holzminden, Stadt",37603,88.24,9965
"Bad Schwartau, Stadt",23611,18.39,9364
"Bad Waldsee, Stadt",88339,108.55,9795
"Lichtenfels, St",96215,122.16,9874
"Torgau, Stadt",4860,102.8,9941
"Nidderau, Stadt",61130,46.73,9975
"Hörstel, Stadt",48477,107.54,10068
"Nördlingen, GKSt",86720,68.09,9887
"Zülpich, Stadt",53909,101.01,9820
"Schifferstadt, Stadt",67105,28.06,9927
"Traunstein, GKSt",83278,48.57,9575
"Ennigerloh, Stadt",59320,125.56,10012
"Oberkirch, Stadt",77704,69.09,9923
"Oschersleben (Bode), Stadt",39387,188.92,9785
"Marsberg, Stadt",34431,182.22,10120
"Donauwörth, GKSt",86609,77.04,9901
"Eschwege, Kreisstadt",37269,63.27,9542
"Telgte, Stadt",48291,90.84,9506
"Gerlingen, Stadt",70839,17.01,9620
"Mühldorf a.Inn, St",84453,29.42,9750
"Schopfheim, Stadt",79650,67.94,9513
"Ochtrup, Stadt",48607,105.63,9979
"Giengen an der Brenz, Stadt",89537,44.07,9784
"Wildeshausen, Stadt",27793,89.7,9680
"Sulzbach-Rosenberg, St",92237,53.12,9586
"Bückeburg, Stadt",31675,68.9,9340
"Borna, Stadt",4552,62.44,9322
"Haiger, Stadt",35708,106.67,9554
"Seesen, Stadt",38723,102.32,9363
"Dingolfing, St",84130,44,10040
"Waldbröl, Stadt",51545,63.32,9406
"Prenzlau, Stadt",17291,142.96,9285
"Bad Berleburg, Stadt",57319,275.52,9675
"Sarstedt, Stadt",31157,43,9477
"Haldensleben, Stadt",39340,156.2,9584
"Rhede, Stadt",46414,78.9,9551
"Korntal-Münchingen, Stadt",70825,20.71,9546
"Schenefeld, Stadt",22869,9.99,9345
"Bad Pyrmont, Stadt",31812,61.99,9042
"Schmalkalden, Kurort, Stadt",98574,98.3,9729
"Bad Krozingen, Stadt",79189,35.65,9204
"Bad Friedrichshall, Stadt",74177,24.71,9639
"Alfeld (Leine), Stadt",31061,72.88,9367
"Hechingen, Stadt",72379,66.41,9442
"Mayen, Stadt",56727,58.19,9429
"Weil der Stadt, Stadt",71263,43.17,9480
"Crimmitschau, Stadt",8451,61.15,9157
"Mölln, Stadt",23879,25.05,9069
"Bergneustadt, Stadt",51702,37.89,9270
"Heusenstamm, Stadt",63150,19.03,9361
"Tettnang, Stadt",88069,71.25,9407
"Müllheim, Stadt",79379,57.91,9147
"Sömmerda, Stadt",99610,81.11,9270
"Hemmingen, Stadt",30966,31.73,9198
"Lebach, Stadt",66822,64.21,9576
"Auerbach/Vogtl., Stadt",8209,55.52,9043
"Wittlich, Stadt",54516,49.63,9442
"Püttlingen, Stadt",66346,23.95,9044
"Vlotho, Stadt",32602,76.93,9287
"Forst (Lausitz), Stadt",3149,110.7,9076
"Schneverdingen, Stadt",29640,234.92,9053
"Leinefelde-Worbis, Stadt",37327,96.87,9281
"Bremervörde, Stadt",27432,150.42,9380
"Bad Dürkheim, Stadt",67098,102.55,8779
"Bad Aibling, St",83043,41.4,8958
"Dillingen a.d.Donau, GKSt",89407,75.59,9129
"Bad Tölz, St",83646,30.8,8845
"Wolfratshausen, St",82515,9.13,8960
"Radeberg, Stadt",1454,29.83,9109
"Alzenau, St",63755,59.3,9044
"Burghausen, St",84489,19.81,8977
"Marktoberdorf, St",87616,95.15,9112
"Sachsenheim, Stadt",74343,57.92,9123
"Kolbermoor, St",83059,19.83,8991
"Bad Driburg, Stadt4)",33014,115.3,/
"Glinde, Stadt",21509,11.22,8996
"Burscheid, Stadt",51399,27.33,9050
"Kronberg im Taunus, Stadt",61476,18.62,8585
"Uetersen, Stadt",25436,11.43,8964
"Großenhain, Stadt",1558,130.36,8996
"Weißenburg i.Bay., GKSt",91781,97.58,8955
"Pfullingen, Stadt",72793,30.14,8867
"Konz, Stadt",54329,44.56,8906
"Moosburg a.d.Isar, St",85368,43.85,9124
"Hessisch Oldendorf, Stadt",31840,120.32,8964
"Zossen, Stadt",15806,180.4,9031
"Alzey, Stadt",55232,35.22,8973
"Pohlheim, Stadt",35415,38,8860
"Schwalmstadt, Stadt",34613,84.74,9176
"Lahnstein, Stadt",56112,37.62,8715
"Vellmar, Stadt",34246,13.97,8528
"Wassenberg, Stadt",41849,42.43,8892
"Parchim, Stadt",19370,124.82,8719
"Buchen (Odenwald), Stadt",74722,138.93,8867
"Schkeuditz, Stadt",4435,81.47,9220
"Werdohl, Stadt",58791,33.39,8869
"Bexbach, Stadt",66450,31.09,8715
"Frankenberg (Eder), Stadt",35066,124.87,8825
"Wörth am Rhein, Stadt",76744,131.62,8731
"Bad Reichenhall, GKSt",83435,41.92,8450
"Freudenberg, Stadt",57258,54.6,8854
"Thale, Stadt",6502,137.58,8750
"Oberasbach, St",90522,12.08,8423
"Renningen, Stadt",71272,31.15,8779
"Sinzig, Stadt",53489,41.1,8539
"Sigmaringen, Stadt",72488,92.84,9000
"Guben, Stadt",3172,43.99,8359
"Nauen, Stadt",14641,268.14,8651
"Bad Segeberg, Stadt",23795,18.87,8365
"Bad Saulgau, Stadt",88348,97.33,8497
"Bad Langensalza, Stadt",99947,123.67,8516
"Bad Münder am Deister, Stadt",31848,107.97,8489
"Hochheim am Main, Stadt",65239,19.43,8450
"Wittenberge, Stadt",19322,50.63,8374
"Nidda, Stadt",63667,118.35,8675
"Bad Münstereifel, Stadt",53902,150.83,8441
"Marktredwitz, GKSt",95615,49.52,8281
"Oerlinghausen, Stadt",33813,32.69,8447
"Marienberg, Stadt",9496,133.5,8553
"Horn-Bad Meinberg, Stadt",32805,90.15,8387
"Altena, Stadt",58762,44.42,8507
"Schwarzenberg/Erzgeb., Stadt",8340,46.31,8206
"Gescher, Glockenstadt",48712,80.84,8661
"Bobingen, St",86399,50.25,8483
"Illertissen, St",89257,36.39,8409
"Garching b.München, St",85748,28.17,8829
"Bad Säckingen, Stadt",79713,25.34,8273
"Eutin, Stadt",23701,41.4,8035
"Eltville am Rhein, Stadt",65343,46.77,8233
"Bad Wildungen, Stadt",34537,120.08,8325
"Heilbad Heiligenstadt, Stadt",37308,62.26,8465
"Damme, Stadt",49401,104.39,8496
"Schrobenhausen, St",86529,75.26,8364
"Kronach, St",96317,66.98,8228
"Stockach, Stadt",78333,69.73,8328
"Bendorf, Stadt",56170,24.12,8225
"Babenhausen, Stadt",64832,66.87,8425
"Cham, St",93413,80.69,8264
"Weißwasser/O.L., Stadt",2943,63.42,7962
"Freilassing, St",83395,14.81,8060
"Diepholz, Stadt",49356,104.68,8156
"Gunzenhausen, St",91710,82.72,7893
"Finsterwalde, Stadt",3238,77.21,7893
"Penzberg, St",82377,25.73,8075
"Königstein im Taunus, Stadt",61462,25.07,7770
"Kelheim, St",93309,76.7,8274
"Remagen, Stadt",53424,33.21,8094
"Brakel, Stadt",33034,173.92,8293
"Sulzbach/ Saar, Stadt",66280,16.07,8040
"Kirchhain, Stadt",35274,90.92,8125
"Heidenau, Stadt",1809,11.07,8078
"Trossingen, Stadt",78647,24.2,8222
"Ginsheim-Gustavsburg, Stadt",65462,13.94,8003
"Hünfeld, Konrad-Zuse-Stadt",36088,119.77,8221
"Wurzen, Stadt",4808,69.04,7802
"Wendlingen am Neckar, Stadt",73240,12.15,8084
"Kierspe, Stadt",58566,71.91,8049
"Schwarzenbek, Stadt",21493,11.56,8000
"Halver, Stadt",58553,77.23,7967
"Reinheim, Stadt",64354,27.7,8004
"Vilshofen an der Donau, St",94474,86.29,8072
"Aue, Stadt",8280,20.92,7757
"Bürstadt, Stadt",68642,34.46,8044
"Bargteheide, Stadt",22941,15.82,7738
"Templin, Stadt",17268,379.49,7849
"Zeulenroda-Triebes, Stadt",7937,135.14,7812
"Lübbenau/Spreewald, Stadt",3222,139.4,7823
"Michelstadt, Stadt",64720,86.98,7928
"Preetz, Stadt",24211,14.4,7637
"Erwitte, Stadt",59597,89.41,7907
"Kelsterbach, Stadt",65451,15.37,8230
"Raunheim, Stadt",65479,12.61,8030
"Alsfeld, Stadt",36304,129.69,7880
"Freiberg am Neckar, Stadt",71691,13.14,7838
"Brackenheim, Stadt",74336,45.75,7974
"Schlüchtern, Stadt",36381,113.31,7848
"Straelen, Stadt",47638,74.04,7943
"Königslutter am Elm, Stadt",38154,131.12,7829
"Blaustein, Stadt",89134,55.61,7940
"Wadern, Stadt",66687,111.14,7832
"Bassum, Stadt",27211,168.85,7808
"Bad Wörishofen, St",86825,57.79,7445
"Bad Salzungen, Stadt",36433,39.04,7692
"Bad Lippspringe, Stadt",33175,51.01,7633
"Marbach am Neckar, Stadt",71672,18.06,7676
"Dieburg, Stadt",64807,23.08,7618
"Eilenburg, Stadt",4838,46.84,7520
"Weener, Stadt",26826,81.23,7755
"Clausthal-Zellerfeld, Berg- und Universitätsstadt",38678,43.69,8681
"Bad Arolsen, Stadt",34454,126.38,7633
"Markranstädt, Stadt",4420,58.46,7520
"Pocking, St",94060,68.86,7526
"Drensteinfurt, Stadt",48317,106.6,7679
"Walldorf, Stadt",69190,19.91,7739
"Schwalbach am Taunus, Stadt",65824,6.47,7432
"Rahden, Stadt",32369,137.48,7779
"Füssen, St",87629,43.48,7406
"Boppard, Stadt",56154,74.88,7542
"Breisach am Rhein, Stadt",79206,54.59,7624
"Ebersbach an der Fils, Stadt",73061,26.26,7641
"Taucha, Stadt",4425,33.23,7450
"Bad Bentheim, Stadt",48455,99.99,7623
"Bad Neustadt a.d.Saale, St",97616,36.89,7390
"Blomberg, Stadt",32825,99.1,7634
"Altdorf b.Nürnberg, St",90518,48.59,7526
"Hofgeismar, Stadt",34369,86.39,7373
"Künzelsau, Stadt",74653,75.17,7692
"Eppelheim, Stadt",69214,5.7,7494
"Hückeswagen, Schloss-Stadt",42499,50.52,7560
"Neustadt in Holstein, Stadt",23730,19.74,7190
"Ribnitz-Damgarten, Stadt",18311,122.83,7229
"Neustadt b.Coburg, GKSt",96465,61.89,7411
"Ober-Ramstadt, Stadt",64372,41.88,7464
"Kamenz, Stadt",1917,53.25,7448
"Brake (Unterweser), Stadt",26919,38.3,7385
"Lohr a.Main, St",97816,90.42,7496
"Witzenhausen, Stadt",37213,126.69,7350
"Hilchenbach, Stadt",57271,81.12,7451
"Landsberg, Stadt",6188,125.38,7512
"Löbau, Stadt",2708,78.9,7274
"Selb, GKSt",95100,86.07,7270
"Schriesheim, Stadt",69198,31.61,7271
"Munster, Stadt",29633,194.52,7706
"Mainburg, St",84048,61.53,7573
"Mittweida, Stadt, Hochschulstadt",9648,41.26,7410
"Langenau, Stadt",89129,75.03,7476
"Karlstadt, St",97753,98.14,7338
"Stadtbergen, St",86391,11.49,7186
"Gehrden, Stadt",30989,43.24,7102
"Hohenstein-Ernstthal, Stadt",9337,18.58,7097
"Lauchhammer, Stadt",1979,88.9,7203
"Markgröningen, Stadt",71706,28.15,7448
"Mindelheim, St",87719,56.42,7339
"Olsberg, Stadt",59939,118,7326
"Fritzlar, Dom- und Kaiserstadt",34560,88.78,7255
"Kraichtal, Stadt",76703,80.59,7315
"Neu-Anspach, Stadt",61267,36.14,7252
"Spenge, Stadt",32139,40.35,7173
"Eberbach, Stadt",69412,81.15,7065
"Meerane, Stadt",8393,19.81,7028
"Oschatz, Stadt",4758,55.44,7145
"Lauda-Königshofen, Stadt",97922,94.44,7260
"Ottweiler, Stadt",66564,45.56,7252
"Bad Wurzach, Stadt",88410,182.24,7433
"Bitburg, Stadt",54634,47.55,6995
"Sandersdorf-Brehna, Stadt",6792,81.84,7093
"Ratzeburg, Stadt",23909,30.29,6862
"Dorfen, St",84405,99.56,7269
"Dippoldiswalde, Stadt",1744,103.99,7173
"Pattensen, Stadt",30982,67.13,7041
"Hettstedt, Stadt",6333,36.93,7086
"Genthin, Stadt",39307,230.73,7152
"Sassenberg, Stadt",48336,78.08,7238
"Rotenburg a. d. Fulda, Stadt",36199,79.83,7157
"Uslar, Stadt",37170,113.58,7059
"Uhingen, Stadt",73066,24.79,7083
"Münsingen, Stadt",72525,116.93,7063
"Wittstock/Dosse, Stadt",16909,420.24,7043
"Frankenberg/Sa., Stadt",9669,65.62,7092
"Jessen (Elster), Stadt",6917,352.12,7094
"Usingen, Stadt",61250,55.83,7007
"Immenstadt i.Allgäu, St",87509,81.43,6921
"Gernsbach, Stadt",76593,82.03,6984
"Jever, Stadt",26441,42.23,6767
"Erlensee, Stadt",63526,18.59,7034
"Schneeberg, Stadt",8289,23.35,6907
"Wanzleben-Börde, Stadt",39164,188.07,7107
"Bad Camberg, Stadt",65520,54.63,6979
"Bad Bramstedt, Stadt",24576,24.14,6965
"Lauterbach (Hessen), Kreisstadt",36341,102,6988
"Plochingen, Stadt",73207,10.64,6950
"Wilsdruff, Stadt",1723,81.6,6929
"Bebra, Stadt",36179,93.64,6892
"Murrhardt, Stadt",71540,71.15,6905
"Homberg (Efze), Reformationsstadt, Kreisstadt",34576,99.99,6951
"Leuna, Stadt",6237,87.71,6937
"Oberndorf am Neckar, Stadt",78727,55.92,6936
"Langenselbold, Stadt",63505,26.26,6787
"Oebisfelde-Weferlingen, Stadt",39646,249.31,6998
"Kalkar, Stadt",47546,88.2,6882
"Lübben (Spreewald), Stadt",15907,120.85,6669
"Isny im Allgäu, Stadt",88316,85.39,6872
"Schwabmünchen, St",86830,55.5,6810
"Stein, St",90547,19.51,6573
"Markdorf, Stadt",88677,40.91,6794
"Bad Laasphe, Stadt",57334,135.95,6940
"Angermünde, Stadt",16278,324.2,6623
"Neustadt a.d.Donau, St",93333,93.53,7055
"Zeven, Stadt",27404,74.14,6982
"Grünberg, Stadt",35305,89.24,6775
"Biedenkopf, Stadt",35216,90.33,6827
"Eppstein, Stadt",65817,24.21,6747
"Aßlar, Stadt",35614,43.57,6753
"Melsungen, Stadt",34212,63.1,6730
"Abensberg, St",93326,60.27,7052
"Bergen auf Rügen, Stadt",18528,51.49,6534
"Schwentinental, Stadt",24223,17.82,6594
"Neutraubling, St",93073,9.75,6686
"Südliches Anhalt, Stadt",6369,191.54,6752
"Eggenfelden, St",84307,44.35,6639
"Erbach, Kreisstadt",64711,61.53,6518
"Grafing b.München, St",85567,29.57,6573
"Solms, Stadt",35606,34.05,6700
"Lorsch, Karolingerstadt",64653,25.24,6524
"Grünstadt, Stadt",67269,18.09,6611
"Zehdenick, Stadt",16792,223.06,6731
"Bad Soden-Salmünster, Stadt",63628,58.6,6625
"Eichstätt, GKSt",85072,47.78,6573
"Asperg, Stadt",71679,5.8,6676
"Weißenhorn, St",89264,53.72,6767
"Haßfurt, St",97437,52.66,6618
"Erbach, Stadt",89155,63.29,6742
"Hilpoltstein, St",91161,89.71,6802
"Philippsburg, Stadt",76661,50.54,6850
"Tornesch, Stadt",25436,20.61,6535
"Höchstadt a.d.Aisch, St",91315,70.87,6632
"Beverungen, Stadt",37688,98.09,6591
"Bergen, Stadt",29303,164.4,6586
"Lich, Stadt",35423,77.63,6537
"Vöhringen, St",89269,23.69,6535
"Pegnitz, St",91257,99.98,6489
"Bad Salzdetfurth, Stadt",31162,67.2,6492
"Neckargemünd, Stadt",69151,26.16,6469
"Tauberbischofsheim, Stadt",97941,69.29,6579
"Löningen, Stadt",49624,143.53,6606
"Wolfhagen, Stadt",34466,111.95,6679
"Landau a.d.Isar, St",94405,84.39,6523
"Sendenhorst, Stadt",48324,96.95,6537
"Pfullendorf, Stadt",88630,90.5,6567
"Herbrechtingen, Stadt",89542,58.63,6513
"Burglengenfeld, St",93133,93.26,6398
"Bad Dürrheim, Stadt",78073,62.08,6340
"Wiesmoor, Stadt",26639,82.94,6365
"Rödental, St",96472,49.97,6487
"Waltershausen, Stadt",99880,60.62,6506
"Östringen, Stadt",76684,53.28,6732
"Quakenbrück, Stadt",49610,17.96,6455
"Weilburg, Stadt",35781,57.5,6540
"Herzberg am Harz, Stadt",37412,71.88,6377
"Velen, Stadt",46342,70.75,6648
"Montabaur, Stadt",56410,33.77,6269
"Möckern, Stadt",39291,523.94,6609
"Holzgerlingen, Stadt",71088,13.39,6411
"Dinklage, Stadt",49413,72.81,6559
"Plattling, St",94447,35.9,6485
"Krumbach (Schwaben), St",86381,44.64,6388
"Schleiden, Stadt",53937,121.67,6387
"Ettenheim, Stadt",77955,48.8,6251
"Wehr, Stadt",79664,35.66,6254
"St. Georgen im Schwarzwald, Stadt",78112,59.84,6381
"Steinheim, Stadt",32839,75.69,6395
"Neustadt a.d.Aisch, St",91413,61.21,6221
"Winterberg, Stadt",59955,147.95,6423
"Treuchtlingen, St",91757,103.38,6472
"Altötting, St",84503,23.07,6059
"Brunsbüttel, Stadt",25541,65.2,6433
"Linden, Stadt",35440,22.77,6382
"Spaichingen, Stadt",78549,18.5,6317
"Wasserburg a.Inn, St",83512,18.8,6402
"Sulingen, Stadt",27232,110.83,6335
"Borken (Hessen), Stadt",34582,82.3,6417
"Haselünne, Stadt",49740,159.43,6351
"Schüttorf, Stadt",48465,19.45,6372
"Buchloe, St",86807,36.18,6239
"Anklam, Stadt",17389,56.68,6006
"Fehmarn, Stadt",23769,185.49,6152
"Wernau (Neckar), Stadt",73249,10.89,6302
"Olfen, Stadt",59399,52.43,6091
"Wächtersbach, Stadt",63607,50.79,6171
"Hadamar, Stadt",65589,40.99,6253
"Preußisch Oldendorf, Stadt",32361,68.75,6106
"Linnich, Stadt",52441,65.43,6142
"Pfarrkirchen, St",84347,52.35,6025
"Hungen, Stadt",35410,86.78,6120
"Hersbruck, St",91217,22.91,6110
"Bad Windsheim, St",91438,78.24,6051
"Bad Urach, Stadt",72574,55.42,6118
"Perleberg, Stadt",19348,138.69,6142
"Neustadt i. Sa., Stadt",1844,83.12,5963
"Bad Freienwalde (Oder), Stadt",16259,131.11,5995
"Jüterbog, Stadt",14913,176.48,6017
"Ludwigslust, Stadt",19288,78.63,5905
"Feuchtwangen, St",91555,137.21,6162
"Ebersbach-Neugersdorf, Stadt",2730,20.45,5948
"Rosbach v. d. Höhe, Stadt",61191,45.33,6100
"Twistringen, Stadt",27239,114.37,6193
"Schongau, St",86956,21.34,6127
"Neuenburg am Rhein, Stadt",79395,44.1,6072
"Gladenbach, Stadt",35075,72.28,6065
"Besigheim, Stadt",74354,16.83,6068
"Bad Wünnenberg, Stadt",33181,161.3,6071
"Eisenberg, Stadt",7607,24.67,6203
"Gaildorf, Stadt",74405,62.59,6004
"Sulz am Neckar, Stadt",72172,87.62,6040
"Wolgast, Stadt",17438,61.75,5968
"Weinsberg, Stadt",74189,22.22,6119
"Beelitz, Stadt",14547,181.29,6106
"Burladingen, Stadt",72393,123.31,5967
"Steinheim an der Murr, Stadt",71711,23.18,6015
"Titisee-Neustadt, Stadt",79822,89.64,6001
"Zwönitz, Stadt",8297,64.24,5885
"Bad Doberan, Stadt",18209,32.85,5814
"Hessisch Lichtenau, Stadt",37235,105.87,6077
"Pößneck, Stadt",7381,24.43,5847
"Ebersberg, St",85560,40.84,5969
"Blaubeuren, Stadt",89143,79.13,6095
"Coswig (Anhalt), Stadt",6869,295.75,6127
"Hemsbach, Stadt",69502,12.85,5960
"Monschau, Stadt",52156,94.6,6068
"Pritzwalk, Stadt",16928,167.47,5953
"Neuenrade, Stadt",58809,54.1,5981
"Röthenbach a.d.Pegnitz, St",90552,14.29,5754
"Gräfenhainichen, Stadt",6773,158.94,5812
"Bad Dürrenberg, Stadt",6231,36.15,5835
"Drolshagen, Stadt",57489,67.11,5963
"Velten, Stadt",16727,23.36,5799
"Bopfingen, Stadt",73441,76.94,5825
"Oestrich-Winkel, Stadt",65375,59.53,5740
"Geisenheim, Hochschulstadt",65366,40.35,5741
"Hagenow, Stadt",19230,67.54,5768
"Vilsbiburg, St",84137,68.84,5872
"Roding, St",93426,113.7,5832
"Erkner, Stadt",15537,16.53,5551
"Langelsheim, Stadt",38685,48.81,5817
"Osterhofen, St",94486,111.17,5825
"Hildburghausen, Stadt",98646,72.9,5765
"Hauzenberg, St",94051,82.79,5783
"Dinkelsbühl, GKSt",91550,75.16,5709
"Billerbeck, Stadt",48727,91.37,5805
"Wittingen, Stadt",29378,225.83,5848
"Lichtenstein/Sa., Stadt",9350,15.47,5557
"Walldürn, Stadt",74731,105.91,5880
"Ladenburg, Stadt",68526,19,5645
"Balve, Stadt",58802,74.81,5715
"Lindenberg i.Allgäu, St",88161,11.84,5648
"Lauenburg/ Elbe, Stadt",21481,9.55,5757
"Wolmirstedt, Stadt",39326,54.29,5585
"Miesbach, St",83714,32.44,5541
"Bad Fallingbostel, Stadt",29683,63.7,5640
"Schöningen, Stadt",38364,35.47,5618
"Ochsenfurt, St",97199,63.57,5678
"Werther (Westf.), Stadt",33824,35.42,5688
"Laichingen, Stadt",89150,69.83,5776
"Stollberg/Erzgeb., Stadt",9366,38.99,5465
"Rheinau, Stadt",77866,73.5,5653
"Trostberg, St",83308,51.55,5504
"Schwaigern, Stadt",74193,49.49,5707
"Osterwieck, Stadt",38835,212.87,5669
"Lauffen am Neckar, Stadt",74348,22.63,5498
"Glückstadt, Stadt",25348,22.75,5448
"Schmölln, Stadt",4626,41.61,5492
"Bischofswerda, Stadt",1877,46.21,5341
"Mülheim-Kärlich, Stadt",56218,16.42,5495
"Oelsnitz/Erzgeb., Stadt",9376,26.28,5400
"Geisenfeld, St",85290,88.3,5886
"Marktheidenfeld, St",97828,35.7,5380
"Maxhütte-Haidhof, St",93142,34.69,5588
"Bad Belzig, Stadt",14806,236.06,5474
"Hammelburg, St",97762,128.88,5488
"Rothenburg ob der Tauber, GKSt",91541,41.67,5389
"Braunsbedra, Stadt",6242,74.3,5644
"Demmin, Hansestadt",17109,82.06,5281
"Welzheim, Stadt",73642,37.99,5408
"Diez, Stadt",65582,12.41,5695
"Rüthen, Stadt",59602,158.15,5691
"Braunfels, Stadt",35619,47.29,5334
"Gengenbach, Stadt",77723,61.9,5255
"Querfurt, Stadt",6268,155.42,5319
"Flöha, Stadt",9557,27.76,5242
"Donzdorf, Stadt",73072,39.82,5469
"Tangerhütte, Stadt",39517,294.83,5413
"Regen, St",94209,65.14,5423
"Lauingen (Donau), St",89415,44.39,5367
"Gronau (Leine), Stadt",31028,88.39,5294
"Bad Schwalbach, Kreisstadt",65307,40.27,5410
"Bad Nenndorf, Stadt",31542,23.22,5130
"Lorch, Stadt",73547,34.28,5442
"Meßstetten, Stadt",72469,76.8,5602
"Herbolzheim, Stadt",79336,35.48,5415
"Nossen, Stadt",1683,122.74,5395
"Burgstädt, Stadt",9217,25.87,5249
"Oberharz am Brocken, Stadt",38875,271.52,5229
"Rutesheim, Stadt",71277,16.22,5305
"Engen, Stadt",78234,70.56,5256
"Isselburg, Stadt",46419,42.8,5360
"Lichtenau, Stadt",33165,192.57,5487
"Bad Iburg, Stadt",49186,36.5,5133
"Felsberg, Stadt",34587,83.28,5230
"Zella-Mehlis, Stadt",98544,28.07,5169
"Bad Lauterberg im Harz, Stadt",37431,41.56,5058
"Haigerloch, Stadt",72401,76.44,5263
"Gommern, Stadt",39245,159.98,5138
"Steinbach (Taunus), Stadt",61449,4.4,5090
"Boizenburg/ Elbe, Stadt",19258,47.43,5218
"Langenzenn, St",90579,46.33,5079
"Tangermünde, Stadt",39590,89.87,5056
"Riedlingen, Stadt",88499,64.95,5232
"Grevesmühlen, Stadt",23936,52.38,5092
"Oelsnitz/Vogtl., Stadt",8606,53.67,5095
"Altensteig, Stadt",72213,53.19,5220
"Pasewalk, Stadt",17309,55.21,4917
"Waldkirchen, St",94065,80.01,5123
"Steinau an der Straße, Brüder-Grimm-Stadt",36396,104.87,5124
"Bad Staffelstein, St",96231,99.51,5081
"Barmstedt, Stadt",25355,17.17,5034
"Münchberg, St",95213,68.78,4915
"Weilheim an der Teck, Stadt",73235,26.51,5142
"Meuselwitz, Stadt",4610,53.66,4943
"Büdelsdorf, Stadt",24782,6.48,4942
"Lollar, Stadt",35457,21.41,5080
"Rehburg-Loccum, Stadt",31547,99.97,5167
"Friedrichsthal, Stadt",66299,8.99,4996
"Gemünden a.Main, St",97737,75.06,5068
"Klötze, Stadt",38486,278.29,5019
"Gernsheim, Schöfferstadt",64579,40.11,5030
"Erlenbach a.Main, St",63906,16.31,5034
"Aulendorf, Stadt",88326,52.34,5090
"Aichtal, Stadt",72631,23.6,5180
"Süßen, Stadt",73079,12.79,5074
"Frohburg, Stadt",4654,108.51,4983
"Betzdorf, Stadt",57518,9.56,4941
"Schotten, Stadt",63679,133.56,5176
"Wildau, Stadt",15745,9.1,4923
"Blumberg, Stadt",78176,98.72,5042
"Wilkau-Haßlau, Stadt",8112,12.65,4729
"Osterburg (Altmark), Hansestadt",39606,229.76,4850
"Kenzingen, Stadt",79341,36.93,4987
"Niebüll, Stadt",25899,30.63,4804
"Wildberg, Stadt",72218,56.68,4987
"Neuenhaus, Stadt",49828,31.37,4974
"Bogen, St",94327,49.74,4969
"Wettin-Löbejün, Stadt",6193,127.11,4895
"Kemberg, Stadt",6901,235.21,4909
"Rüdesheim am Rhein, Stadt",65385,51.44,4960
"Grimmen, Stadt",18507,50.51,4700
"Nideggen, Stadt",52385,65.04,4835
"Nieder-Olm, Stadt",55268,11.22,4789
"Oldenburg in Holstein, Stadt",23758,39.68,4795
"Dassel, Stadt",37586,113.24,4892
"Bad Gandersheim, Stadt",37581,90.85,4769
"Bad Wildbad, Stadt",75323,105.22,4837
"Sebnitz, Stadt",1855,88.23,4854
"Mengen, Stadt",88512,49.82,4901
"Heubach, Stadt",73540,25.78,4821
"Bad Orb, Stadt",63619,47.78,4650
"Bockenem, Stadt",31167,109.96,4869
"Simbach a.Inn, St",84359,47.33,4753
"Schlitz, Stadt",36110,142.09,4835
"Neuenstadt am Kocher, Stadt",74196,41.17,4882
"Visselhövede, Stadt",27374,159.2,4748
"Hohenmölsen, Stadt",6679,75.31,4689
"Laubach, Stadt",35321,97.02,4741
"Brand-Erbisdorf, Stadt",9618,46.33,4688
"Bad König, Stadt",64732,46.73,4670
"Gudensberg, Stadt",34281,46.5,4753
"Lügde, Stadt der Osterräder",32676,88.64,4780
"Brandis, Stadt",4821,34.89,4740
"Burgau, St",89331,25.92,4805
"Luckau, Stadt",15926,207.43,4746
"Beilngries, St",92339,100.02,4954
"Niesky, Stadt",2906,53.81,4681
"Dissen am Teutoburger Wald, Stadt",49201,31.9,4798
"Zwiesel, St",94227,41.16,4659
"Niddatal, Stadt",61194,40.26,4733
"Ilsenburg (Harz), Stadt",38871,62.97,4696
"Zschopau, Stadt",9405,22.79,4591
"Sassnitz, Stadt",18546,47.14,4546
"Runkel, Stadt",65594,43.72,4717
"Trebbin, Stadt",14959,126.37,4804
"Bleckede, Stadt",21354,140.65,4606
"Bad Ems, Stadt",56130,15.41,4555
"Endingen am Kaiserstuhl, Stadt",79346,26.7,4693
"Fürstenau, Stadt",49584,78.65,4623
"Neustadt (Hessen), Stadt",35279,56.88,4833
"Wahlstedt, Stadt",23812,15.75,4595
"Höhr-Grenzhausen, Stadt",56203,15.88,4593
"Zörbig, Stadt",6780,113.68,4648
"Rehau, St",95111,80.33,4569
"Torgelow, Stadt",17358,72.19,4598
"Heilsbronn, St",91560,62.23,4616
"Bad Breisig, Stadt",53498,19.93,4520
"Raguhn-Jeßnitz, Stadt",6779,97.13,4601
"Obernkirchen, Stadt",31683,32.45,4649
"Eisenberg (Pfalz), Stadt",67304,18.75,4627
"Miltenberg, St",63897,60.25,4560
"Altlandsberg, Stadt",15345,106.6,4636
"Töging a.Inn, St",84513,13.65,4534
"Bad Liebenwerda, Stadt",4924,138.88,4549
"Zahna-Elster, Stadt",6895,148.58,4648
"Bad Liebenzell, Stadt",75378,33.78,4537
"Lüchow (Wendland), Stadt",29439,89.46,4474
"Kyritz, Stadt",16866,157.38,4502
"Bad Bevensen, Stadt",29549,48.36,4230
"Doberlug-Kirchhain, Stadt",3253,150.36,4586
"Wunsiedel, St",95632,54.88,4455
"Heiligenhafen, Stadt",23774,18.32,4428
"Herzberg (Elster), Stadt",4916,149,4375
"Osthofen, Stadt",67574,18.62,4518
"Elsfleth, Stadt",26931,115.19,4661
"Zwenkau, Stadt",4442,46.3,4465
"Ortenberg, Stadt",63683,54.69,4473
"Storkow (Mark), Stadt",15859,180.72,4534
"Wertingen, St",86637,51.88,4493
"Ballenstedt, Stadt",6493,86.65,4412
"Reinfeld (Holstein), Stadt",23858,17.36,4470
"Furtwangen im Schwarzwald, Stadt",78120,82.57,4651
"Kandel, Stadt",76870,26.69,4448
"Waldheim, Stadt",4736,41.71,4582
"Tecklenburg, Stadt",49545,70.49,4506
"Weißenthurm, Stadt",56575,3.99,4636
"Bad Frankenhausen/Kyffhäuser, Stadt",6567,66.22,4418
"Furth im Wald, St",93437,67.06,4491
"Penig, Stadt",9322,63.37,4385
"Mittenwalde, Stadt",15749,99.12,4580
"Olbernhau, Stadt",9526,70.22,4369
"Mücheln (Geiseltal), Stadt",6249,98.58,4443
"Mansfeld, Stadt",6343,143.8,4454
"Breckerfeld, Hansestadt",58339,59.1,4401
"Hemau, St",93155,122.33,4559
"Freystadt, St",92342,80.56,4582
"Plön, Stadt",24306,36.73,4280
"Rain, St",86641,77.13,4484
"Calbe (Saale), Stadt",39240,56.67,4292
"Wetter (Hessen), Stadt",35083,104.56,4503
"Bad Griesbach i.Rottal, St",94086,70.13,4385
"Laufenburg (Baden), Stadt",79725,23.55,4348
"Auerbach i.d.OPf., St",91275,78.25,4369
"Elze, Stadt",31008,47.81,4367
"Bad Lauchstädt, Goethestadt",6246,85.37,4372
"Lauter-Bernsbach, Stadt",8315,30.28,4308
"Borgholzhausen, Stadt",33829,55.99,4381
"Ichenhausen, St",89335,34.27,4478
"Ochsenhausen, Stadt",88416,59.96,4477
"Mendig, Stadt",56743,23.75,4384
"Tirschenreuth, St",95643,103.95,4242
"Volkach, St",97332,60.19,4358
"Nittenau, St",93149,98.73,4447
"Colditz, Stadt",4680,84.09,4281
"Florstadt, Stadt",61197,39.6,4303
"Ueckermünde, Stadt",17373,85.87,4248
"Weida, Stadt",7570,36.8,4280
"Hemmoor, Stadt",21745,45.07,4231
"Kappeln, Stadt",24376,43.32,4175
"Klingenthal, Stadt",8248,50.44,4209
"Waldenbuch, Stadt",71111,22.7,4254
"Barth, Stadt",18356,41.18,4139
"Obernburg a.Main, St",63785,24.82,4260
"Schieder-Schwalenberg, Stadt",32816,60.04,4296
"Naunhof, Stadt",4683,39.72,4223
"Großräschen, Stadt",1983,81.86,4239
"Rauenberg, Stadt",69231,11.12,4288
"Barntrup, Stadt",32683,59.46,4299
"Kirchen (Sieg), Stadt",57548,39.76,4241
"Lützen, Stadt",6686,96.49,4267
"Hainichen, Stadt",9661,51.74,4295
"Neuötting, St",84524,36.6,4191
"Werneuchen, Stadt",16356,117.01,4309
"Lößnitz, Stadt",8294,30.49,4172
"Borgentreich, Orgelstadt4)",34434,138.94,/
"Bad Schussenried, Stadt",88427,55.01,4334
"Berching, St",92334,131.18,4302
"Barby, Stadt",39249,152.76,4240
"Teterow, Stadt",17166,47.07,4169
"Könnern, Stadt",6420,125.28,4247
"Schleiz, Stadt",7907,83.15,4247
"Lauta, Stadt",2991,42.13,4156
"Oranienbaum-Wörlitz, Stadt",6785,115.16,4332
"Bad Sooden-Allendorf, Stadt",37242,73.52,4163
"Vallendar, Stadt",56179,13.22,4097
"Wissen, Stadt",57537,34.88,4193
"Bersenbrück, Stadt",49593,42.54,4176
"Helmbrechts, St",95233,58.72,4101
"Premnitz, Stadt",14727,46.27,4064
"Großbottwar, Stadt",71723,25.51,4218
"Bad Schmiedeberg, Stadt",6905,160.02,4158
"Kirchberg, Stadt",8107,39.57,4028
"Leisnig, Stadt",4703,78.08,4083
"Nierstein, Stadt",55283,19.34,4135
"Hallstadt, St",96103,14.6,4123
"Kandern, Stadt",79400,62.26,4102
"Meßkirch, Stadt",88605,76.22,4203
"Bismark (Altmark), Stadt",39629,289.45,4181
"Dannenberg (Elbe), Stadt",29451,76.62,4161
"Staufenberg, Stadt",35460,28.6,4091
"Vetschau/Spreewald, Stadt",3226,111.51,4178
"Grafenau, St",94481,63.73,4112
"Landstuhl, Sickingenstadt, Stadt",66849,15.34,4081
"Willebadessen, Stadt",34439,128.41,4175
"Falkenstein/Vogtl., Stadt",8223,31.06,3909
"Kuppenheim, Stadt",76456,18.08,3995
"Vohburg a.d.Donau, St",85088,45.18,4235
"Kirn, Stadt",55606,16.53,3975
"Teuchern, Stadt",6682,81.36,4087
"Bad Bergzabern, Stadt",76887,10.71,3865
"Rheinsberg, Stadt",16831,328.22,4094
"Neustadt an der Orla, Stadt",7806,36.73,3957
"Lugau/Erzgeb., Stadt",9385,22.29,3936
"Neunburg vorm Wald, St",92431,110.14,4178
"Seeland, Stadt",6469,78.86,4061
"Viechtach, St",94234,62.47,4042
"Elsterwerda, Stadt",4910,40.58,3962
"Beeskow, Stadt",15848,77.81,3892
"Arnstein, St",97450,112.1,4095
"Staufen im Breisgau, Stadt",79219,23.32,3850
"Bad Lausick, Stadt",4651,70.02,3966
"Oederan, Stadt",9569,77.33,4007
"Altenberg, Stadt",1773,145.89,4057
"Zell am Harmersbach, Stadt",77736,36.41,3978
"Kellinghusen, Stadt",25548,18.81,3960
"Möckmühl, Stadt",74219,49.6,4099
"Neuenbürg, Stadt",75305,28.15,3992
"Dornstetten, Stadt",72280,24.2,3957
"Treuen, Stadt",8233,43.74,3903
"Bad Düben, Stadt",4849,45.83,3836
"Daun, Stadt",54550,49.02,3894
"Wörrstadt, Stadt",55286,16.75,3927
"Knittlingen, Stadt",75438,26.33,3901
"Rottenburg a.d.Laaber, St",84056,90.11,3993
"Simmern/ Hunsrück, Stadt",55469,11.96,3799
"Neresheim, Stadt",73450,118.51,4074
"Kühlungsborn, Stadt",18225,16.17,3758
"Medebach, Hansestadt",59964,126.05,3973
"Harzgerode, Stadt",6493,164.66,3965
"Herrieden, St",91567,81.66,3933
"Bützow, Stadt",18246,39.85,4046
"Bad Liebenstein, Stadt",36448,48.81,3806
"Pockau-Lengefeld, Stadt",9514,83.43,3924
"Schweich, Stadt",54338,31.1,3718
"Allstedt, Stadt",6542,149.81,3931
"Calau, Stadt",3205,163.5,3908
"Belgern-Schildau, Stadt",4874,158.98,3927
"Kirchheimbolanden, Stadt",67292,26.36,3760
"Oberkochen, Stadt",73447,23.55,3829
"Gundelfingen a.d.Donau, St",89423,54.06,3869
"Aken (Elbe), Stadt",6385,59.91,3799
"Bad Herrenalb, Stadt",76332,33.01,3805
"Bönnigheim, Stadt",74357,20.13,3823
"Hermsdorf, Stadt",7629,7.49,3746
"Naila, St",95119,37.04,3721
"Löffingen, Stadt",79843,88.02,3887
"Markneukirchen, Stadt",8258,69.07,3769
"Hardegsen, Stadt",37181,84.03,3765
"Kalbe (Milde), Stadt",39624,272.7,3905
"Ramstein-Miesenbach, Stadt",66877,43.01,3756
"Sontra, Stadt",36205,111.29,3857
"Hüfingen, Stadt",78183,58.55,3802
"Münnerstadt, St",97702,93.11,3894
"Gerolstein, Stadt",54568,64.43,3802
"Ransbach-Baumbach, Stadt",56235,12.15,3692
"Roßwein, Stadt",4741,44.1,3797
"Baiersdorf, St",91083,11.81,3738
"Bad Berka, Stadt",99438,55.32,3651
"Eibenstock, Stadt",8309,112.22,3727
"Pulsnitz, Stadt",1896,26.75,3676
"Groitzsch, Stadt",4539,70.17,3603
"Bad Sachsa, Stadt",37441,33.2,3622
"Friedrichroda, Stadt",99894,36.88,3619
"Bad Kötzting, St",93444,62.15,3662
"Treuenbrietzen, Stadt",14929,212.43,3679
"Malchin, Stadt",17139,95,3697
"Gedern, Stadt",63688,75.24,3780
"Homberg (Ohm), Stadt",35315,88.02,3746
"Oppenheim, Stadt",55276,7.1,3564
"Breuberg, Stadt",64747,30.76,3657
"Vohenstrauß, St",92648,74.91,3613
"Weikersheim, Stadt",97990,80.93,3667
"Radeburg, Stadt",1471,54.01,3704
"Esens, Stadt",26427,21.67,3441
"Teublitz, St",93158,38.23,3653
"Ebern, St",96106,95.01,3728
"Wriezen, Stadt",16269,95.15,3638
"Kremmen, Stadt",16766,209.55,3647
"Saarburg, Stadt",54439,20.63,3512
"Heringen (Werra), Stadt",36266,61.17,3609
"Freyung, St",94078,48.63,3619
"Gundelsheim, Stadt",74831,38.44,3654
"Meldorf, Stadt",25704,21.26,3501
"Otterndorf, Stadt",21762,33.55,3467
"Dettelbach, St",97337,60.94,3666
"Gröditz, Stadt",1609,28.94,3586
"Elzach, Stadt",79215,75.28,3594
"Gerbstedt, Stadt",6347,102.31,3620
"Hartha, Stadt",4746,54.4,3543
"Renchen, Stadt",77871,32.08,3593
"Lengenfeld, Stadt",8485,46.98,3540
"Scheßlitz, St",96110,94.87,3682
"Hecklingen, Stadt",39444,95.34,3520
"Schwarzenbach a.d.Saale, St",95126,59.18,3502
"Annweiler am Trifels, Stadt",76855,39.87,3529
"Laufen, St",83410,35.28,3595
"Neukirchen, Stadt",34626,66.26,3584
"Greding, St",91171,103.74,3608
"Haslach im Kinzigtal, Stadt",77716,18.67,3494
"Bernkastel-Kues, Stadt",54470,23.71,3387
"Zwingenberg, Stadt",64673,5.66,3527
"Leipheim, St",89340,32.15,3625
"Jerichow, Stadt",39319,269.93,3530
"Bad Wimpfen, Stadt",74206,19.38,3469
"Moringen, Stadt",37186,82.39,3577
"Parsberg, St",92331,57.32,3537
"Römhild, Stadt",98630,122.45,3503
"Immenhausen, Stadt",34376,28.54,3440
"Birkenfeld, Stadt",55765,13.64,3483
"Gerolzhofen, St",97447,18.39,3389
"Geiselhöring, St",94333,99.69,3498
"Rodalben, Stadt",66976,15.69,3392
"Schelklingen, Stadt",89601,75.85,3493
"Kahla, Stadt",7768,7.89,3351
"Volkmarsen, Stadt",34471,67.47,3450
"Ebermannstadt, St",91320,49.95,3392
"Arendsee (Altmark), Stadt",39619,269.68,3419
"Neuhaus am Rennweg, Stadt",98724,80.98,3424
"Annaburg, Stadt",6925,224.28,3398
"Bonndorf im Schwarzwald, Stadt",79848,75.91,3491
"Neustadt-Glewe, Stadt",19306,94.14,3474
"Waldeck, Stadt",34513,115.73,3397
"Müncheberg, Stadt",15374,152.29,3468
"Waldmünchen, St",93449,101.17,3359
"Reichelsheim (Wetterau), Stadt",61203,27.6,3395
"Polch, Stadt",56751,28.68,3421
"Böhlen, Stadt",4564,24.56,3352
"Arnstein, Stadt",6333,121.69,3382
"Waldsassen, St",95652,66.53,3362
"Gau-Algesheim, Stadt",55435,13.99,3266
"Glashütte, Stadt",1768,95.64,3412
"Edenkoben, Stadt",67480,17.89,3374
"Dietenheim, Stadt",89165,18.75,3349
"Nortorf, Stadt",24589,12.77,3242
"Friedland, Stadt",17098,132.66,3311
"Bad Blankenburg, Stadt",7422,35.62,3291
"Höchstädt a.d.Donau, St",89420,37.45,3320
"Havelberg, Hansestadt",39539,149.12,3296
"Boxberg, Stadt",97944,101.71,3386
"Mitterteich, St",95666,39.38,3260
"Herdorf, Stadt",57562,17.99,3247
"Großröhrsdorf, Stadt",1900,26.54,3221
"Königsee-Rottenbach, Stadt",7426,84.37,3306
"Zierenberg, Stadt",34289,86.53,3250
"Malchow, Stadt",17213,44.71,3166
"Bernsdorf, Stadt",2994,59.78,3211
"Neuenstein, Stadt",74632,47.84,3313
"Rodewisch, Stadt",8228,26.88,3191
"Maulbronn, Stadt",75433,25.44,3182
"Osterburken, Stadt",74706,47.32,3264
"Ketzin/Havel, Stadt",14669,93.63,3230
"Falkenberg/Elster, Stadt",4895,82.16,3203
"Ilshofen, Stadt",74532,54.87,3297
"Burgkunstadt, St",96224,40.6,3100
"Großalmerode, Stadt",37247,37.62,3154
"Bad Sobernheim, Stadt",55566,54.18,3155
"Rosenfeld, Stadt",72348,51.11,3223
"Blankenhain, Stadt",99444,113.75,3164
"Beerfelden, Stadt",64743,71.19,3213
"Horstmar, Stadt der Burgmannshöfe",48612,44.76,3238
"Trochtelfingen, Stadt",72818,79.2,3237
"Rodenberg, Stadt",31552,15.62,3167
"Gammertingen, Stadt",72501,52.97,3298
"Wittenburg, Stadt",19243,80.08,3259
"Bad Brückenau, St",97769,23.71,3113
"Bad Rodach, St",96476,77.65,3141
"Nienburg (Saale), Stadt",6429,79.14,3136
"Grafenwöhr, St",92655,216.21,3118
"Uffenheim, St",97215,59.46,3126
"Schirgiswalde-Kirschau, Stadt",2681,24.34,3175
"Dohna, Stadt",1809,28.59,3177
"Alpirsbach, Stadt",72275,64.55,3196
"Thalheim/Erzgeb., Stadt",9380,10.79,3038
"Pegau, Stadt",4523,48.8,3071
"Güglingen, Stadt",74363,16.27,3213
"Altenkirchen (Westerwald), Stadt",57610,10.98,2985
"Spangenberg, Liebenbachstadt",34286,97.7,3217
"Neuffen, Stadt",72639,17.43,3127
"Zell im Wiesental, Stadt",79669,36.12,3087
"Nieheim, Stadt",33039,79.71,3215
"Beilstein, Stadt",71717,25.24,3097
"Geisingen, Stadt",78187,73.75,3164
"Neumarkt-Sankt Veit, St",84494,61.07,3107
"Lübz, Stadt",19386,57.73,2986
"Bleicherode, Stadt",99752,28.32,3031
"Heitersheim, Stadt",79423,11.71,3030
"Hermeskeil, Stadt",54411,30.89,3044
"Stavenhagen, Reuterstadt, Stadt",17153,41.02,3078
"Klingenberg a.Main, St",63911,21.12,3065
"Brotterode-Trusetal, Stadt",98596,49.68,3009
"Dietfurt a.d.Altmühl, St",92345,78.71,3192
"Plau am See, Stadt",19395,116.27,2970
"Windsbach, St",91575,68.12,3140
"Mügeln, Stadt",4769,55.08,3001
"Nabburg, St",92507,62.38,3018
"Thannhausen, St",86470,20.03,2950
"Braunlage, Stadt",38700,31.65,3033
"Kölleda, Stadt",99625,70.4,2991
"Herrnhut, Stadt",2747,74.12,2978
"Bad Lobenstein, Stadt",7356,48.92,2991
"Wassertrüdingen, St",91717,53.57,3013
"Rötha, Stadt",4571,46.16,3066
"Bad Königshofen i.Grabfeld, St",97631,69.51,2914
"Grünhain-Beierfeld, Stadt",8344,22.25,2983
"Glücksburg (Ostsee), Stadt",24960,39.7,2859
"Dornhan, Stadt",72175,44.92,3011
"Norderney, Stadt",26548,26.31,2840
"Linz am Rhein, Stadt",53545,17.98,2855
"Vilseck, St",92249,64.69,2933
"Oberlungwitz, Stadt",9353,14.68,2891
"Hachenburg, Stadt",57627,21.43,2793
"Geislingen, Stadt",72351,31.96,2983
"Gransee, Stadt",16775,121.68,2962
"Stadtroda, Stadt",7646,16.76,2878
"Riedenburg, St",93339,100.3,2988
"Vogtsburg im Kaiserstuhl, Stadt",79235,37.36,2970
"Bad Marienberg (Westerwald), Stadt",56470,9.95,2897
"Fürstenberg/Havel, Stadt",16798,213.85,2908
"Bad Hönningen, Stadt",53557,20.09,2860
"Rochlitz, Stadt",9306,23.76,2782
"Schlüsselfeld, St",96132,70.24,2973
"Tittmoning, St",84529,72.01,2968
"Hausach, Stadt",77756,36.07,2908
"Leun, Stadt",35638,28.66,2905
"Grebenstein, Stadt",34393,49.85,2871
"Marne, Stadt",25709,4.83,2757
"Neustadt a.d.Waldnaab, St",92660,9.93,2865
"Meersburg, Stadt",88709,12.07,2759
"Hirschau, St",92242,74.96,2842
"Bräunlingen, Stadt",78199,62.14,2888
"Wemding, St",86650,31.6,2821
"Haiterbach, Stadt",72221,28.92,2874
"Wittichenau, Stadt",2997,61.02,2811
"Wolfach, Stadt",77709,67.97,2883
"Stadtoldendorf, Stadt",37627,24.92,2830
"Waibstadt, Stadt",74915,25.57,2804
"Westerburg, Stadt",56457,18.48,2755
"Schwarzheide, Stadt",1987,33.44,2825
"Dierdorf, Stadt",56269,31.98,2827
"Traben-Trarbach, Stadt",56841,31.35,2821
"Grabow, Stadt",19300,72.27,2811
"Großschirma, Stadt",9603,61.63,2843
"Biesenthal, Stadt",16359,60.92,2807
"Mellrichstadt, St",97638,55.99,2824
"Stolpen, Stadt",1833,60.89,2833
"Bad Gottleuba-Berggießhübel, Stadt",1816,88.72,2823
"Schrozberg, Stadt",74575,105.21,2909
"Eisfeld, Stadt",98673,52.68,2841
"Drebkau, Stadt",3116,143.91,2844
"Ruhla, Stadt",99842,38.55,2758
"Münzenberg, Stadt",35516,31.63,2763
"Zeil a.Main, St",97475,35.72,2756
"Ellrich, Stadt",99755,69.43,2770
"Leutershausen, St",91578,84.07,2789
"Schöppenstedt, Stadt",38170,39.73,2742
"Abenberg, St",91183,48.41,2709
"Gersfeld (Rhön), Stadt",36129,89.37,2758
"Bodenwerder, Münchhausenstadt",37619,29.05,2692
"Neubulach, Stadt",75387,24.69,2753
"Artern/Unstrut, Stadt",6556,24.19,2703
"Ohrdruf, Stadt",99885,39.78,2778
"Laage, Stadt",18299,81.6,2741
"Harburg (Schwaben), St",86655,73.16,2768
"Gadebusch, Stadt",19205,47.76,2698
"Ingelfingen, Stadt",74653,46.48,2708
"Hagenbach, Stadt",76767,15.86,2706
"Seelow, Stadt",15306,42.73,2636
"Dornburg-Camburg, Stadt",7774,30.77,2665
"Pfreimd, St",92536,51.45,2741
"Bredstedt, Stadt",25821,9.75,2673
"Falkenstein/Harz, Stadt",6463,102.97,2751
"Prüm, Stadt",54595,22.87,2734
"Kemnath, St",95478,56.8,2631
"Schleusingen, Stadt",98553,36.88,2649
"Burg Stargard, Stadt",17094,76.61,2641
"Tharandt, Stadt",1737,71.22,2722
"Lütjenburg, Stadt",24321,6.15,2606
"Kastellaun, Stadt",56288,8.47,2698
"Niedenstein, Stadt",34305,30.61,2734
"Otterberg, Stadt",67697,32.11,2596
"Battenberg (Eder), Stadt",35088,64.73,2670
"Geithain, Stadt",4643,30.22,2591
"Thum, Stadt",9419,18.9,2634
"Uebigau-Wahrenbrück, Stadt",4938,135.61,2697
"Wirges, Stadt",56422,10.11,2590
"Altentreptow, Stadt",17087,53.08,2576
"Cochem, Stadt",56812,21.18,2696
"Velburg, St",92355,175.66,2673
"Pottenstein, St",91278,73.29,2644
"Eltmann, St",97483,40.75,2663
"Kusel, Stadt",66869,14.37,2565
"Vacha, Stadt",36404,44.41,2578
"Rockenhausen, Stadt",67806,36.83,2581
"Arzberg, St",95659,43.19,2613
"Diemelstadt, Stadt",34474,82.58,2663
"Külsheim, Stadt",97900,81.43,2680
"Munderkingen, Stadt",89597,13.07,2568
"Borkum, Stadt",26757,30.98,2447
"Neudenau, Stadt",74861,32.91,2619
"Heimsheim, Stadt",71296,14.3,2829
"Stühlingen, Stadt",79780,93.16,2595
"Amöneburg, Stadt",35287,43.95,2570
"Zarrentin am Schaalsee, Stadt",19246,91.91,2588
"Unkel, Stadt",53572,8.16,2446
"Erbendorf, St",92681,67.56,2535
"Oettingen i.Bay., St",86732,34.22,2535
"Röbel/Müritz, Stadt",17207,30.69,2416
"Lindenfels, Stadt",64678,21.09,2551
"Naumburg, Stadt",34311,66.29,2513
"Hofheim i.UFr., St",97461,56.34,2524
"Treffurt, Stadt",99830,54.77,2520
"Hollfeld, St",96142,80.65,2497
"Freinsheim, Stadt",67251,13.59,2454
"Marienmünster, Stadt",37696,64.36,2540
"Pausa-Mühltroff, Stadt",7952,64.13,2505
"Reichenbach/O.L., Stadt",2894,62.64,2499
"Adorf/Vogtl., Stadt",8626,42.92,2433
"Trendelburg, Stadt",34388,69.35,2506
"Freren, Stadt",49832,48.97,2557
"Wilthen, Stadt",2681,17.04,2415
"Forchtenberg, Stadt",74670,38.09,2557
"Windischeschenbach, St",92670,36.37,2512
"Ronneburg, Stadt",7580,19.13,2425
"Monheim, St",86653,69.33,2567
"Lommatzsch, Stadt",1623,66.63,2437
"Dahme/Mark, Stadt",15936,162.59,2482
"Adelsheim, Stadt",74740,43.84,2654
"Roßleben, Stadt",6571,33.57,2434
"Tönning, Stadt",25832,44.41,2472
"Seehausen (Altmark), Hansestadt",39615,107,2430
"Steinbach-Hallenberg, Kurort, Stadt",98587,22.64,2396
"Kitzscher, Stadt",4567,29.04,2432
"Mahlberg, Stadt",77972,16.59,2490
"Schwaan, Stadt",18258,38.28,2447
"Spalt, St",91174,55.67,2481
"Oberviechtach, St",92526,62.42,2451
"Hitzacker (Elbe), Stadt",29456,58.67,2356
"Lichtenau, Stadt",77839,27.61,2458
"Todtnau, Stadt",79674,69.75,2431
"Creußen, St",95473,60.47,2432
"Strasburg (Uckermark), Stadt",17335,87.47,2391
"Crivitz, Stadt",19089,75.87,2335
"Niederstetten, Stadt",97996,104.05,2447
"Weismain, St",96260,90.14,2435
"Herbstein, Stadt",36358,79.98,2468
"Heringen/Helme, Stadt",99765,66.91,2423
"Eggesin, Stadt",17367,88.23,2348
"Emmelshausen, Stadt",56281,7.9,2308
"Lübtheen, Stadt",19249,120.17,2539
"Kröpelin, Stadt",18236,67.54,2361
"Triberg im Schwarzwald, Stadt",78098,33.33,2380
"Bad Sulza, Stadt",99518,45.49,2312
"Ehrenfriedersdorf, Stadt",9427,15.89,2300
"Geisa, Stadt",36419,71.94,2383
"Wörth a.d.Donau, St",93086,52.25,2433
"Freyburg (Unstrut), Stadt",6632,46.55,2304
"Oppenau, Stadt",77728,72.98,2382
"Stadtilm, Stadt",99326,17.34,2317
"Bischofsheim a.d.Rhön, St",97653,67.7,2314
"Wachenheim an der Weinstraße, Stadt",67157,24.97,2313
"Lauchheim, Stadt",73466,40.86,2386
"Creglingen, Stadt",97993,117.23,2370
"Rothenburg/O.L., Stadt",2929,72.4,2326
"Groß-Bieberau, Stadt",64401,18.27,2327
"Wörth a.Main, St",63939,15.88,2290
"Schömberg, Stadt",72355,23.25,2374
"Hartenstein, Stadt",8118,36.7,2247
"Heideck, St",91180,58.64,2356
"Niederstotzingen, Stadt",89168,29.81,2311
"Dahn, Stadt",66994,40.76,2248
"Scheinfeld, St",91443,45.12,2273
"Iphofen, St",97346,78.06,2266
"Nassau, Stadt",56377,17.55,2282
"Müllrose, Stadt",15299,69.24,2209
"Krautheim, Stadt",74238,52.9,2377
"Augustusburg, Stadt",9573,23.38,2263
"Marlow, Stadt",18337,140.52,2354
"Tengen, Stadt",78250,62.04,2234
"Schwarzenbach a.Wald, St",95131,36.7,2196
"Hallenberg, Stadt",59969,65.35,2280
"Tann (Rhön), Stadt",36142,60.45,2234
"Schönau, Stadt",69250,22.49,2223
"Dargun, Stadt",17159,118.01,2182
"Gefrees, St",95482,50.32,2146
"Wilster, Stadt",25554,2.71,2173
"Königsbrück, Stadt",1936,78.48,2184
"Rabenau, Stadt",1734,30.73,2208
"Kirchberg an der Jagst, Stadt",74592,40.93,2362
"Peitz, Stadt",3185,13.49,2185
"Schönberg, Stadt",23923,38.21,2156
"Lunzenau, Stadt",9328,28.33,2150
"Rauschenberg, Stadt",35282,67.33,2145
"Selbitz, St",95152,27.74,2068
"Woldegk, Stadt",17348,156.29,2211
"Waldkappel, Stadt",37284,96.48,2193
"Heimbach, Stadt",52396,64.96,2209
"Rennerod, Stadt",56477,18.14,2213
"Putbus, Stadt",18581,66.68,2132
"Loitz, Stadt",17121,89.9,2117
"Dahlen, Stadt",4774,71.87,2132
"Vellberg, Stadt",74541,31.89,2159
"Dransfeld, Stadt",37127,28.91,2112
"Bad Berneck i.Fichtelgebirge, St",95460,33.56,2142
"Dingelstädt, Stadt",37351,20.45,2181
"Pressath, St",92690,66.34,2110
"Gerabronn, Stadt",74582,40.38,2159
"Liebenwalde, Stadt",16559,142.17,2166
"Waldershof, St",95679,60.37,2128
"Geringswalde, Stadt",9326,30.06,2096
"Berka/Werra, Stadt",99837,57.09,2146
"Sternberg, Stadt",19406,67.7,2024
"Hornberg, Stadt",78132,54.45,2123
"Tambach-Dietharz/Thür. Wald, Stadt",99897,41.63,2126
"Penzlin, Stadt",17217,115.56,2104
"Güsten, Stadt",39439,36.16,2061
"Schnaittenbach, St",92253,63.41,2112
"Lichtenfels, Stadt",35104,96.73,2152
"Wyk auf Föhr, Stadt",25938,8,1903
"Wanfried, Stadt",37281,46.9,2062
"Allendorf (Lumda), Stadt",35469,22.01,2099
"Nastätten, Stadt",56355,13.05,2008
"Baruth/Mark, Stadt",15837,233.84,2104
"Elsterberg, Stadt",7985,25.1,2007
"Johanngeorgenstadt, Stadt",8349,29.58,2008
"Zell (Mosel), Stadt",56856,44.95,2072
"Bad Buchau, Stadt",88422,23.75,2035
"Dassow, Stadt",23942,66.98,2071
"Niedernhall, Stadt",74676,17.71,2070
"Neckarbischofsheim, Stadt",74924,26.4,2032
"Waldenburg, Stadt",8396,25.06,2001
"Rheinböllen, Stadt",55494,16.36,2005
"Pappenheim, St",91788,64.32,2027
"Gemünden (Wohra), Stadt",35285,58.67,2075
"Baunach, St",96148,32.14,2084
"St. Blasien, Stadt",79837,54.41,1967
"Gräfenberg, St",91322,37.83,2038
"Baumholder, Stadt",55774,69.19,1910
"Brück, Stadt",14822,86.19,2084
"Netzschkau, Stadt",8491,12.51,1928
"Amorbach, St",63916,50.9,1949
"Eschenbach i.d.OPf., St",92676,35.13,1915
"Lorch, Stadt",65391,54.53,2037
"Mirow, Stadt",17252,158.3,1924
"Lambrecht (Pfalz), Stadt",67466,8.32,1919
"Seßlach, St",96145,72.53,2004
"Steinach, Stadt",96523,26.35,1892
"Kirchberg (Hunsrück), Stadt",55481,18.05,1921
"Wolkenstein, Stadt",9429,30.51,1912
"Regis-Breitingen, Stadt",4565,26.37,1978
"Neukloster, Stadt",23992,27.51,1955
"Hoya, Stadt",27318,8.42,1907
"Neubukow, Stadt",18233,25.12,1923
"Neckarsteinach, Stadt",69239,17.23,1943
"Tessin, Stadt",18195,24.51,1874
"Trebsen/Mulde, Stadt",4687,35.03,1910
"Bad Karlshafen, Stadt",34385,14.85,1939
"Vöhrenbach, Stadt",78147,70.47,1944
"Schiltach, Stadt",77761,34.21,1875
"Mühlberg/Elbe, Stadt",4931,89.2,1908
"Deidesheim, Stadt",67146,26.54,1829
"Lucka, Stadt",4613,12.93,1822
"Gehren, Stadt",98708,43.79,1905
"Freudenberg, Stadt",97896,34.76,1901
"Marktbreit, St",97340,20.16,1946
"Strehla, Stadt",1616,30.28,1835
"Seifhennersdorf, Stadt",2782,19.12,1837
"Bad Elster, Stadt",8645,19.77,1784
"Triptis, Stadt",7819,33.15,1820
"Ellingen, St",91792,31.25,1865
"Ruhland, Stadt",1945,37.22,1803
"Tegernsee, St",83684,22.77,1732
"Bad Schandau, Stadt",1814,46.76,1812
"Grünsfeld, Stadt",97947,44.72,1860
"Schlotheim, Stadt",99994,22.4,1781
"Wildenfels, Stadt",8134,20.69,1833
"Königsberg i.Bay., St",97486,61.88,1830
"Tanna, Stadt",7922,87.35,1804
"Greußen, Stadt",99718,19.21,1786
"Bad Muskau, Stadt",2953,15.38,1748
"Auma-Weidatal, Stadt",7955,55.91,1801
"Bad Köstritz, Stadt",7586,16.93,1717
"Goldberg, Stadt",19399,64.72,1745
"Gröningen, Stadt",39397,59.68,1786
"Mühlheim an der Donau, Stadt",78570,21.74,1788
"Geyer, Stadt",9468,18.56,1727
"Welzow, Stadt",3119,39.57,1749
"Langewiesen, Stadt",98704,27.51,1772
"Münstermaifeld, Stadt",56294,27.77,1751
"Krakow am See, Stadt",18292,87.37,1752
"Rehna, Stadt",19217,44.59,1737
"Goldkronach, St",95497,23.24,1714
"Saalburg-Ebersdorf, Stadt",7929,72.05,1719
"Eschershausen, Stadt",37632,23.92,1747
"Weißensee, Stadt",99631,46.71,1701
"Hirschhorn (Neckar), Stadt",69434,30.86,1719
"Joachimsthal, Stadt",16247,121.73,1743
"Gößnitz, Stadt",4639,14.07,1671
"Rötz, St",92444,66.68,1759
"Ludwigsstadt, St",96337,58.75,1700
"Kelbra (Kyffhäuser), Stadt",6537,40.55,1703
"Neustadt (Dosse), Stadt",16845,75.87,1663
"Owen, Stadt",73277,9.7,1712
"Neusalza-Spremberg, Stadt",2742,22.91,1673
"Speicher, Stadt",54662,15.36,1684
"Bernstadt a. d. Eigen, Stadt",2748,52,1688
"Wasungen, Stadt",98634,29.51,1701
"Lauscha, Stadt",98724,18.72,1663
"Kranichfeld, Stadt",99448,23.1,1675
"Kaltennordheim, Stadt",36452,40.47,1703
"Berga/Elster, Stadt",7980,43.52,1664
"Ostheim v.d.Rhön, St",97645,40.85,1679
"Hohnstein, Stadt",1848,64.64,1671
"Egeln, Stadt",39435,29.14,1640
"Ulmen, Stadt",56766,28.74,1654
"Kirchenlamitz, St",95158,48.48,1618
"Döbern, Stadt",3159,15.79,1574
"Wesselburen, Stadt",25764,5.14,1583
"Oberriexingen, Stadt",71739,8.16,1661
"Löwenstein, Stadt",74245,23.46,1656
"Stromberg, Stadt",55442,9.01,1585
"Sonnewalde, Stadt",3249,119.29,1667
"Nebra (Unstrut), Stadt",6642,25.42,1593
"Havelsee, Stadt",14798,81.97,1635
"Warin, Stadt",19417,44.45,1585
"Lychen, Stadt",17279,111.99,1561
"Wurzbach, Stadt",7343,72.32,1604
"Kirtorf, Stadt",36320,79.91,1623
"Burgbernheim, St",91593,42.3,1581
"Schöneck/Vogtl., Stadt",8261,55.06,1551
"Schönwald, St",95173,19.19,1542
"Bärnau, St",95671,74.41,1648
"Kaisersesch, Stadt",56759,8.18,1543
"Hillesheim, Stadt",54576,20.66,1557
"Weißenberg, Stadt",2627,50.96,1626
"Weißenstadt, St",95163,42.23,1538
"Lebus, Stadt",15326,54.29,1583
"Stadtsteinach, St",95346,39.79,1530
"Fridingen an der Donau, Stadt",78567,22.47,1565
"Liebenau, Stadt",34396,48.87,1511
"Klütz, Stadt",23948,44.41,1497
"Marktleuthen, St",95168,35.48,1525
"Bad Teinach-Zavelstein, Stadt",75385,25.17,1606
"Prichsenstadt, St",97357,48.87,1587
"Schönewalde, Stadt",4916,156.18,1609
"Bürgel, Stadt",7616,27.19,1532
"Waischenfeld, St",91344,57.19,1583
"Hatzfeld (Eder), Stadt",35116,58.51,1566
"Wolframs-Eschenbach, St",91639,25.47,1525
"Dömitz, Stadt",19303,60.57,1492
"Gützkow, Stadt",17506,57.65,1528
"Wesenberg, Stadt",17255,89.64,1508
"Eibelstadt, St",97246,7.07,1455
"Braubach, Stadt",56338,19.5,1522
"Waldenburg, Stadt",74638,31.55,1552
"Lindow (Mark), Stadt",16835,65.47,1552
"Ulrichstein, Stadt",35327,65.61,1525
"Jarmen, Stadt",17126,30.71,1498
"Friedland, Stadt",15848,174.23,1512
"Münchenbernsdorf, Stadt",7589,15.45,1441
"Schalkau, Stadt",96528,33.57,1469
"Merkendorf, St",91732,26.07,1489
"Frankenau, Stadt",35110,57.29,1474
"Adenau, Stadt",53518,18.56,1430
"Rhens, Stadt",56321,16.31,1426
"Gnoien, Stadt",17179,41.11,1432
"Laucha an der Unstrut, Stadt",6636,31.14,1471
"Remda-Teichel, Stadt",7407,79.76,1483
"Elterlein, Stadt",9481,45.74,1449
"Themar, Stadt",98660,20.18,1415
"Frauenstein, Stadt",9623,59,1466
"Meisenheim, Stadt",55590,10.33,1399
"Wustrow (Wendland), Stadt",29462,30.19,1426
"Oberwesel, Stadt",55430,18.08,1374
"Ravenstein, Stadt",74747,55.97,1452
"Elstra, Stadt",1920,32.63,1410
"Schillingsfürst, St",91583,27.5,1389
"Bad Bibra, Stadt",6647,49.77,1407
"Selters (Westerwald), Stadt",56242,8.7,1385
"Jöhstadt, Stadt",9477,49.7,1413
"Wallenfels, St",96346,45.65,1374
"Sankt Goar, Stadt",56329,23.17,1375
"Putlitz, Stadt",16949,119.68,1418
"Romrod, Stadt",36329,54.43,1349
"Sulzburg, Stadt",79295,22.74,1309
"Tribsees, Stadt",18465,54.98,1287
"Garding, Stadt",25836,3.06,1252
"Ebeleben, Stadt",99713,40.74,1323
"Großbreitenbach, Stadt",98701,19.6,1344
"Wegeleben, Stadt",38828,51.78,1319
"Schkölen, Stadt",7619,53.43,1322
"Kohren-Sahlis, Stadt",4655,36.8,1303
"Alsleben (Saale), Stadt",6425,23.64,1237
"Bad Wilsnack, Stadt",19336,79.62,1235
"Golßen, Stadt",15938,63.68,1279
"Lauterstein, Stadt",73111,23.31,1261
"Brüel, Stadt",19412,27.21,1265
"Friesack, Stadt",14662,84.01,1299
"Friedrichstadt, Stadt",25840,4.03,1190
"Schwanebeck, Stadt",39397,32.66,1233
"Gartz (Oder), Stadt",16307,61.89,1227
"Bad Tennstedt, Stadt",99955,27.42,1231
"Dommitzsch, Stadt",4880,30.44,1237
"Scheer, Stadt",72516,18.72,1276
"Gefell, Stadt",7926,45.22,1226
"Betzenstein, St",91282,51.84,1246
"Buttstädt, Stadt",99628,18.36,1235
"Osterfeld, Stadt",6721,27.61,1280
"Rastenberg, Stadt",99636,35.52,1247
"Schönau im Schwarzwald, Stadt",79677,14.72,1223
"Schönsee, St",92539,50.28,1223
"Ziesar, Stadt",14793,67.95,1196
"Pleystein, St",92714,42.4,1207
"Schlieben, Stadt",4936,78.65,1199
"Stadtlengsfeld, Stadt",36457,27.7,1229
"Großenehrich, Stadt",99718,63.34,1214
"Eckartsberga, Stadt",6648,35.97,1225
"Grebenau, Stadt",36323,55.37,1229
"Schlettau, Stadt",9487,21.22,1155
"Krempe, Stadt",25361,3.39,1166
"Ostritz, Stadt",2899,23.48,1160
"Creuzburg, Stadt",99831,35.4,1164
"Rethem (Aller), Stadt",27336,34.03,1144
"Fladungen, St",97650,46.34,1179
"Aach, Stadt",78267,10.68,1168
"Heldrungen, Stadt",6577,23.27,1110
"Katzenelnbogen, Stadt",56368,9.18,1077
"Garz/Rügen, Stadt",18574,65.89,1118
"Rosenthal, Stadt",35119,51.54,1112
"Hayingen, Stadt",72534,63.36,1133
"Hirschberg, Stadt",7927,24.13,1084
"Oderberg, Stadt",16248,36.12,1108
"Lenzen (Elbe), Stadt",19309,96.19,1049
"Mainbernheim, St",97350,12.21,1086
"Oberwiesenthal, Kurort, Stadt",9484,40.02,1049
"Leutenberg, Stadt",7338,57.52,1060
"Ortrand, Stadt",1990,7.36,1029
"Rerik, Stadt",18230,34.22,1012
"Gebesee, Stadt",99189,24.08,1064
"Königstein/Sächs. Schw., Stadt",1824,27.05,1075
"Veringenstadt, Stadt",72519,31.25,1071
"Meyenburg, Stadt",16945,50.74,1068
"Scheibenberg, Stadt",9481,9,1062
"Lauterecken, Stadt",67742,8.89,1015
"Wiesensteig, Stadt",73349,23.41,1057
"Bad Colberg-Heldburg, Stadt",98663,53.39,1052
"Magdala, Stadt",99441,20.58,1009
"Niemegk, Stadt",14823,45.12,1044
"Gräfenthal, Stadt",98743,36.42,989
"Teuschnitz, St",96358,34.25,966
"Rieneck, St",97794,26.19,962
"Wolfstein, Stadt",67752,13.75,999
"Marktsteft, St",97342,10.51,1030
"Sachsenhagen, Stadt",31553,15.29,958
"Schauenstein, St",95197,26.66,949
"Bacharach, Stadt",55422,23.35,950
"Wiehe, Stadt",6571,24.51,943
"Plaue, Stadt",99338,18.19,945
"Brüssow, Stadt",17326,101.83,945
"Kindelbrück, Stadt",99638,13.36,929
"Penkun, Stadt",17328,78.88,953
"Teupitz, Stadt",15755,48.15,967
"Sayda, Stadt",9619,35.3,922
"Velden, St",91235,21.34,916
"Widdern, Stadt",74259,25.23,937
"Langenburg, Stadt",74595,31.4,930
"Usedom, Stadt",17406,38.98,889
"Hettingen, Stadt",72513,46.06,907
"Neukalen, Stadt",17154,47.97,874
"Bad Sülze, Stadt",18334,26.66,872
"Ranis, Stadt",7389,10.57,829
"Röttingen, St",97285,27.21,836
"Oberweißbach/Thür. Wald, Stadt",98744,9.65,789
"Lehesten, Stadt",7349,35.94,841
"Ornbau, St",91737,15.16,834
"Oberhof, Stadt",98559,23.4,792
"Rhinow, Stadt",14728,31.66,809
"Stadt Wehlen, Stadt",1829,10.85,821
"Neuerburg, Stadt",54673,10.17,781
"Arneburg, Stadt",39596,30.64,744
"Lassan, Stadt",17440,28.18,779
"Stadtprozelten, St",97909,10.87,770
"Buckow (Märkische Schweiz), Stadt",15377,14.42,734
"Hohenleuben, Stadt",7958,9.53,801
"Aub, St",97239,17.54,756
"Hornbach, Stadt",66500,13.33,745
"Kroppenstedt, Stadt",39397,38.65,729
"Hohenberg a.d.Eger, St",95691,15.66,701
"Franzburg, Stadt",18461,15.2,673
"Schwarzenborn, Stadt",34639,26.9,809
"Manderscheid, Stadt",54531,10.06,654
"Lieberose, Stadt",15868,73.03,678
"Liebstadt, Stadt",1825,37.36,698
"Sankt Goarshausen, Loreleystadt, Stadt",56346,7.06,672
"Richtenberg, Stadt",18461,15.68,665
"Buttelstedt, Stadt",99439,18.85,665
"Neustadt am Kulm, St",95514,20.3,543
"Orlamünde, Stadt",7768,7.47,550
"Schraplau, Stadt",6279,7.06,549
"Werben (Elbe), Hansestadt",39615,53.37,566
"Obermoschel, Stadt",67823,10.15,524
"Kupferberg, St",95362,8.29,527
"Lichtenberg, St",95192,9.47,504
"Clingen, Stadt",99718,10.75,502
"Rothenfels, St",97851,12.07,517
"Stößen, Stadt",6667,7.29,430
"Kyllburg, Stadt",54655,4.62,450
"Sandau (Elbe), Stadt",39524,18.58,417
"Kaub, Stadt",56349,13.05,443
"Märkisch Buchholz, Stadt",15748,24.86,391
"Ziegenrück, Stadt",7924,8.25,317
"Schnackenburg, Stadt",29493,23.76,278
"Neumark, Stadt",99439,8.67,247
"Ummerstadt, Stadt",98663,15.73,246
"Arnis, Stadt",24399,0.45,143
