Stadt,"Post-leitzahl 1)","Fläche in km2 2)",weiblich
"Berlin, Stadt",10178,891.12,1819130
"Hamburg, Freie und Hansestadt",20038,755.3,924149
"München, Landeshauptstadt",80331,310.71,750189
"Köln, Stadt",50667,405.02,551145
"Frankfurt am Main, Stadt",60311,248.31,372660
"Stuttgart, Landeshauptstadt",70173,207.33,314737
"Düsseldorf, Stadt",40213,217.41,316999
"Dortmund, Stadt",44135,280.71,297916
"Essen, Stadt",45127,210.34,300019
"Leipzig, Stadt",4109,297.8,290796
"Bremen, Stadt",28195,326.18,286549
"Dresden, Stadt",1067,328.48,274774
"Hannover, Landeshauptstadt",30159,204.3,273305
Nürnberg,90403,186.45,263177
"Duisburg, Stadt",47051,232.8,252746
"Bochum, Stadt",44787,145.66,187328
"Wuppertal, Stadt",42275,168.39,180135
"Bielefeld, Stadt",33602,258.82,172342
"Bonn, Stadt",53111,141.06,168632
"Münster, Stadt",48143,303.28,162434
"Karlsruhe, Stadt",76133,173.42,151792
"Mannheim, Universitätsstadt",68159,144.97,152578
Augsburg,86150,146.87,147551
"Wiesbaden, Landeshauptstadt",65183,203.93,145024
"Gelsenkirchen, Stadt",45879,104.94,131752
"Mönchengladbach, Stadt",41061,170.47,132756
"Braunschweig, Stadt",38100,192.7,125853
"Kiel, Landeshauptstadt",24103,118.65,126968
"Chemnitz, Stadt",9111,221.05,125074
"Aachen, Stadt",52062,160.85,117705
"Magdeburg, Landeshauptstadt",39104,201.01,120609
"Halle (Saale), Stadt",6108,135.02,122807
"Freiburg im Breisgau, Stadt",79098,153.04,119087
"Krefeld, Stadt",47803,137.77,116219
"Lübeck, Hansestadt",23539,214.21,112791
"Mainz, Stadt",55116,97.73,109667
"Oberhausen, Stadt",46045,77.09,107662
"Erfurt, Stadt",99084,269.91,108536
"Rostock, Hansestadt",18055,181.36,105431
"Kassel, documenta-Stadt",34117,106.78,101834
"Hagen, Stadt der FernUniversität",58095,160.45,96589
"Saarbrücken, Landeshauptstadt",66111,167.52,90668
"Hamm, Stadt",59065,226.43,91362
"Potsdam, Stadt",14461,188.26,88750
"Mülheim an der Ruhr, Stadt",45468,91.28,88505
"Ludwigshafen am Rhein, Stadt",67059,77.43,83992
"Oldenburg (Oldenburg), Stadt",26122,103.09,86586
"Osnabrück, Stadt",49074,119.8,84640
"Leverkusen, Stadt",51373,78.87,83770
"Heidelberg, Stadt",69117,108.89,82747
"Solingen, Klingenstadt",42651,89.54,81781
"Darmstadt, Wissenschaftsstadt",64283,122.09,77254
"Herne, Stadt",44623,51.42,80029
"Neuss, Stadt",41460,99.52,78797
"Paderborn, Stadt",33098,179.59,74778
Regensburg,93047,80.85,76838
Ingolstadt,85049,133.35,66256
Würzburg,97070,87.6,66032
Fürth,90762,63.35,64031
"Offenbach am Main, Stadt",63065,44.89,63060
"Ulm, Universitätsstadt",89073,118.68,62709
"Wolfsburg, Stadt",38440,204.61,62265
"Heilbronn, Stadt",74072,99.89,61583
"Pforzheim, Stadt",75175,98.07,62911
"Göttingen, Stadt",37083,116.93,61234
"Bottrop, Stadt",46236,100.61,60214
"Reutlingen, Stadt",72764,87.04,58258
"Recklinghausen, Stadt",45657,66.5,58509
"Koblenz, Stadt",56068,105.25,58550
"Bremerhaven, Stadt",27576,93.66,56730
"Bergisch Gladbach, Stadt",51465,83.09,57842
"Remscheid, Stadt",42853,74.52,56078
"Jena, Stadt",7743,114.76,55353
Erlangen,91052,76.96,55635
"Trier, Stadt",54290,117.07,55880
"Moers, Stadt",47441,67.68,53468
"Salzgitter, Stadt",38226,224.49,52140
"Siegen, Universitätsstadt",57072,114.69,52128
"Hildesheim, Stadt",31134,92.29,53446
"Cottbus, Stadt",3046,165.62,50874
"Kaiserslautern, Stadt",67657,139.7,49294
"Gütersloh, Stadt",33330,112.02,49568
"Witten, Stadt",58452,72.4,49676
"Schwerin, Landeshauptstadt",19053,130.52,49557
"Hanau, Brüder-Grimm-Stadt",63450,76.49,48183
"Gera, Stadt",7545,152.19,48993
"Iserlohn, Stadt",58636,125.49,47579
"Ludwigsburg, Stadt",71638,43.34,47307
"Esslingen am Neckar, Stadt",73728,46.43,46348
"Zwickau, Stadt",8056,102.58,46403
"Düren, Stadt",52349,85,45636
"Tübingen, Universitätsstadt",72070,108.07,46403
"Flensburg, Stadt",24937,56.74,43815
"Ratingen, Stadt",40878,88.74,45432
"Gießen, Universitätsstadt",35390,72.55,44227
"Lünen, Stadt",44532,59.39,44229
"Villingen-Schwenningen, Stadt",78050,165.5,42796
"Konstanz, Universitätsstadt",78462,54.11,43527
"Marl, Stadt",45768,87.76,42547
"Worms, Stadt",67547,108.73,42053
"Dessau-Roßlau, Stadt",6844,244.75,42400
"Velbert, Stadt",42551,74.9,41917
"Minden, Stadt",32423,101.12,41550
"Neumünster, Stadt",24534,71.63,40242
"Norderstedt, Stadt",22846,58.1,40177
"Delmenhorst, Stadt",27749,62.45,38876
"Viersen, Stadt",41747,91.1,39466
"Wilhelmshaven, Stadt",26382,107.07,38690
Bamberg,96047,54.62,39457
"Gladbeck, Stadt",45964,35.97,38769
"Rheine, Stadt",48431,145,38074
"Dorsten, Stadt",46284,171.2,38593
"Marburg, Universitätsstadt",35037,123.92,39030
"Troisdorf, Stadt",53840,62,38109
"Lüneburg, Hansestadt",21335,70.5,38593
"Castrop-Rauxel, Stadt",44575,51.68,37993
"Arnsberg, Stadt",59759,193.72,37585
"Detmold, Stadt",32756,129.39,38342
"Lüdenscheid, Stadt",58507,87.02,37259
Bayreuth,95444,66.89,37627
"Brandenburg an der Havel, Stadt",14770,229.72,36284
"Bocholt, Stadt",46395,119.4,36412
Landshut,84028,65.83,36098
"Celle, Stadt",29221,176.02,35864
Aschaffenburg,63739,62.45,35737
"Lippstadt, Stadt",59555,113.68,34437
"Dinslaken, Stadt",46535,47.66,34918
"Aalen, Stadt",73430,146.58,34182
"Kempten (Allgäu)",87435,63.28,34092
"Fulda, Stadt",36037,104.04,34498
"Herford, Hansestadt",32052,79.16,34109
"Kerpen, Kolpingstadt",50171,113.96,33316
"Plauen, Stadt",8523,102.11,33402
"Neuwied, Stadt",56564,86.5,33091
"Weimar, Stadt",99423,84.48,33203
"Sindelfingen, Stadt",71063,50.83,32326
"Rüsselsheim am Main, Stadt",65428,58.29,32189
"Dormagen, Stadt",41539,85.5,32214
"Neubrandenburg, Stadt",17033,86.11,32852
"Grevenbroich, Stadt",41515,102.41,32419
Rosenheim,83022,37.22,31912
"Herten, Stadt",45699,37.33,31422
"Garbsen, Stadt",30827,79.49,31168
"Wesel, Stadt",46483,122.56,31247
"Schwäbisch Gmünd, Stadt",73525,113.78,30871
"Bergheim, Stadt",50126,96.34,30654
"Friedrichshafen, Stadt",88045,69.93,30025
"Hürth, Stadt",50354,51.22,30287
"Stralsund, Hansestadt",18439,54.14,30025
"Offenburg, Stadt",77652,78.37,29925
"Langenfeld (Rheinland), Stadt",40764,41.15,30102
"Frankfurt (Oder), Stadt",15230,147.85,30077
"Greifswald, Hansestadt",17489,50.81,30053
"Euskirchen, Stadt",53879,139.49,29167
"Neu-Ulm, GKSt",89231,80.95,28898
"Göppingen, Stadt",73033,59.21,28764
"Unna, Stadt4)",59423,88.56,/
"Hameln, Stadt",31785,102.53,29684
"Stolberg (Rhld.), Kupferstadt",52222,98.48,28429
"Sankt Augustin, Stadt",53757,34.22,28687
"Eschweiler, Stadt",52249,75.75,28677
"Görlitz, Stadt",2826,67.52,28989
"Hilden, Stadt",40721,25.95,28787
"Meerbusch, Stadt",40667,64.39,28872
"Waiblingen, Stadt",71332,42.75,27958
"Hattingen, Stadt",45525,71.66,28163
"Baden-Baden, Stadt",76530,140.19,28387
"Lingen (Ems), Stadt",49808,176.19,27228
"Pulheim, Stadt",50259,72.15,27853
"Bad Salzuflen, Stadt",32105,100.05,27943
"Bad Homburg v. d. Höhe, Stadt",61348,51.16,28263
"Langenhagen, Stadt",30853,71.97,27278
"Menden (Sauerland), Stadt",58706,86.1,27135
"Nordhorn, Stadt",48529,149.87,27006
"Neustadt an der Weinstraße, Stadt",67433,117.09,27336
"Ahlen, Stadt",59227,123.13,27006
Schweinfurt,97421,35.7,27087
"Wetzlar, Stadt",35578,75.67,27196
"Wolfenbüttel, Stadt",38300,78.74,26588
"Frechen, Stadt",50226,45.06,26749
"Goslar, Stadt",38640,163.88,26378
"Ibbenbüren, Stadt",49477,108.87,25969
Passau,94032,69.56,26694
"Kleve, Stadt",47533,97.76,25798
"Willich, Stadt",47877,67.8,26028
"Speyer, Stadt",67346,42.71,26138
"Emden, Stadt",26721,112.34,25281
"Gummersbach, Stadt",51643,95.42,25519
"Ravensburg, Stadt",88212,92.05,25412
"Bad Kreuznach, Stadt",55545,55.56,26305
"Peine, Stadt",31224,119.84,25169
"Böblingen, Stadt",71032,39.04,25195
"Erftstadt, Stadt",50374,119.89,25480
"Elmshorn, Stadt",25335,21.37,25122
"Lörrach, Stadt",79539,39.37,25477
"Bad Oeynhausen, Stadt",32545,64.83,24991
"Heidenheim an der Brenz, Stadt",89522,107.09,24564
"Cuxhaven, Stadt",27472,161.92,25503
"Bergkamen, Stadt",59192,44.9,24596
"Rheda-Wiedenbrück, Stadt",33378,86.72,24253
"Rastatt, Stadt",76437,58.98,24514
"Frankenthal (Pfalz), Stadt",67227,43.88,24962
"Freising, GKSt",85354,88.59,23797
"Bornheim, Stadt",53332,82.69,24407
"Leonberg, Stadt",71229,48.73,24037
"Singen (Hohentwiel), Stadt",78224,61.77,24449
"Soest, Stadt",59494,85.81,24560
"Gronau (Westf.), Stadt",48599,78.82,23740
"Hennef (Sieg), Stadt",53773,105.89,24194
"Stade, Hansestadt",21682,110.07,24121
Straubing,94315,67.59,23459
"Dachau, GKSt",85221,34.96,23914
"Neunkirchen, Kreisstadt",66538,75.26,23744
"Schwerte, Hansestadt an der Ruhr",58239,56.23,23944
"Alsdorf, Stadt",52477,31.68,23552
"Herzogenrath, Stadt",52134,33.38,23920
"Dülmen, Stadt",48249,184.83,23896
"Wittenberg, Lutherstadt",6886,240.41,23956
"Melle, Stadt",49324,253.95,23328
"Landau in der Pfalz, Stadt",76829,82.94,24247
"Oberursel (Taunus), Stadt",61440,45.37,23654
"Lahr/Schwarzwald, Stadt",77933,69.84,23044
"Bünde, Stadt",32257,59.3,23394
"Fellbach, Stadt",70734,27.71,23431
"Filderstadt, Stadt",70794,38.55,22876
Hof,95028,58.02,23552
"Gotha, Stadt",99867,69.58,22966
"Weinheim, Stadt",69469,58.11,23000
"Albstadt, Stadt",72458,134.4,22676
"Rodgau, Stadt",63110,65.04,22379
"Erkrath, Fundort des Neanderthalers, Stadt",40699,26.88,23044
"Brühl, Stadt",50321,36.12,23164
"Bruchsal, Stadt",76646,93.19,22058
"Rottenburg am Neckar, Stadt",72108,142.26,22068
"Oranienburg, Stadt",16515,163.66,22461
"Neustadt am Rübenberge, Stadt",31535,358.96,22131
"Lehrte, Stadt",31275,127.67,22035
"Kamen, Stadt",59174,40.95,22249
"Erkelenz, Stadt",41812,117.34,22184
Memmingen,87700,70.11,21962
"Kaarst, Stadt",41564,37.39,22470
Kaufbeuren,87600,40.02,21942
"Falkensee, Stadt",14612,43.27,21998
"Bietigheim-Bissingen, Stadt",74321,31.29,21829
"Wismar, Hansestadt",23952,41.72,21969
"Halberstadt, Stadt",38820,142.98,20863
"Pinneberg, Stadt",25421,21.54,21937
"Eisenach, Stadt",99817,104.17,21619
"Weiden i.d.OPf.",92637,70.57,22037
"Borken, Stadt",46325,152.97,21550
Amberg,92224,50.13,21447
"Nordhausen, Stadt",99734,105.62,21469
"Nettetal, Stadt",41334,83.87,21289
"Homburg, Kreisstadt",66424,82.61,21478
"Gifhorn, Stadt",38518,105.39,21266
"Aurich, Stadt",26603,197.29,21214
"Freiberg, Stadt, Universitätsstadt",9599,48.32,20687
Ansbach,91522,99.91,21647
"Wunstorf, Stadt",31515,125.74,21268
"Heinsberg, Stadt",52525,92.21,21085
"Laatzen, Stadt",30880,34.16,21358
"Lemgo, Stadt",32657,100.85,20778
Coburg,96450,48.29,21142
"Dreieich, Stadt",63303,53.3,20917
"Siegburg, Stadt",53721,23.66,20885
"Königswinter, Stadt",53639,76.17,20991
"Monheim am Rhein, Stadt",40789,23.05,21181
"Nürtingen, Stadt",72622,46.88,20388
Schwabach,91126,40.8,20886
"Weißenfels, Stadt",6667,113.55,20039
"Pirmasens, Stadt",66953,61.36,20732
"Bensheim, Stadt",64625,57.83,20506
"Stendal, Hansestadt",39576,268.02,20493
"Kirchheim unter Teck, Stadt",73230,40.47,20304
"Germering, GKSt",82110,21.6,20743
"Buxtehude, Hansestadt",21614,76.69,20126
"Eberswalde, Stadt",16225,93.64,20311
"Bautzen, Stadt",2625,66.69,20538
"Bitterfeld-Wolfen, Stadt",6766,86.96,20591
"Löhne, Stadt",32584,59.51,20310
"Leinfelden-Echterdingen, Stadt",70771,29.89,19956
"Völklingen, Stadt",66333,67.1,20297
"Neumarkt i.d.OPf., GKSt",92318,79.01,20267
"Schorndorf, Stadt",73614,56.83,20135
"Hofheim am Taunus, Kreisstadt",65719,57.38,20252
"Hückelhoven, Stadt",41836,61.27,19921
"Freital, Stadt",1705,40.45,20184
"Ettlingen, Stadt",76275,56.75,20124
"Schwäbisch Hall, Stadt",74523,104.24,20270
"Ahaus, Stadt",48683,151.24,19663
"Ostfildern, Stadt",73760,22.81,19647
"Würselen, Stadt",52146,34.39,19790
"Maintal, Stadt",63477,32.4,19654
"Mettmann, Stadt",40822,42.56,20073
"Buchholz in der Nordheide, Stadt",21244,74.76,20177
"Pirna, Stadt",1796,53.06,19631
"Haltern am See, Stadt",45721,159.03,19438
"Niederkassel, Stadt",53859,35.79,19154
"Bernau bei Berlin, Stadt",16321,104.17,19347
"Neu-Isenburg, Stadt",63263,24.31,19055
"Kamp-Lintfort, Stadt",47475,63.14,19012
"Langen (Hessen), Stadt",63225,29.12,18909
"Fürstenfeldbruck, GKSt",82256,32.53,18751
"Warendorf, Stadt",48231,176.88,19086
"Greven, Stadt",48268,140.26,18779
"Beckum, Stadt",59269,111.46,18559
"Papenburg, Stadt",26871,118.44,18053
"Backnang, Stadt",71522,39.38,18461
"Königs Wusterhausen, Stadt",15711,96.04,18559
"Coesfeld, Stadt",48653,141.36,18467
"Erding, GKSt",85435,54.61,18726
"Emsdetten, Stadt",48282,72.06,18263
"Voerde (Niederrhein), Stadt",46562,53.49,18525
"St. Ingbert, Stadt",66386,49.95,18764
"Wesseling, Stadt",50389,23.37,18077
"Porta Westfalica, Stadt",32457,105.22,18050
"Suhl, Stadt",98527,103.03,18271
"Sinsheim, Stadt",74889,126.99,17729
"Kehl, Stadt",77694,75.07,17904
"Lage, Stadt",32791,76.04,17782
"Tuttlingen, Stadt",78532,90.45,17568
"Meppen, Stadt",49716,188.4,17725
"Kempen, Stadt",47906,68.8,17868
"Saarlouis, Kreisstadt",66740,43.28,17889
"Limburg a.d. Lahn, Kreisstadt",65549,45.15,17625
"Wermelskirchen, Stadt",42929,74.8,17721
"Datteln, Stadt",45711,66.1,17625
"Zweibrücken, Stadt",66482,70.64,17416
"Winsen (Luhe), Stadt",21423,109.79,17446
"Cloppenburg, Stadt",49661,70.86,17391
"Mörfelden-Walldorf, Stadt",64546,44.15,16924
"Leer (Ostfriesland), Stadt",26789,70.11,17121
"Viernheim, Stadt",68519,48.4,17366
"Merseburg, Stadt",6217,53.76,17405
"Barsinghausen, Stadt",30890,102.81,17183
"Dietzenbach, Kreisstadt",63128,21.67,16969
"Radebeul, Stadt",1445,26.14,17493
"Hemer, Stadt4)",58675,67.66,/
"Geldern, Stadt",47608,96.97,16877
"Seelze, Stadt",30926,54.08,17059
"Balingen, Stadt",72336,90.32,17343
"Crailsheim, Stadt",74564,109.08,16773
"Goch, Stadt",47574,115.43,16816
"Uelzen, Hansestadt",29525,136.84,17295
"Steinfurt, Stadt",48565,111.67,16955
"Hoyerswerda, Stadt",2977,95.53,17420
"Bernburg (Saale), Stadt",6406,113.48,17127
"Kornwestheim, Stadt",70806,14.65,16903
"Bad Vilbel, Stadt",61118,25.68,17229
"Wedel, Stadt",22880,33.82,17167
"Mühlhausen/Thüringen, Stadt",99974,86.74,17134
"Korschenbroich, Stadt",41352,55.26,16907
"Ahrensburg, Stadt",22926,35.3,17306
"Wernigerode, Stadt",38855,170.18,17287
"Rheinfelden (Baden), Stadt",79618,62.82,16735
"Altenburg, Stadt",4600,45.69,16900
"Naumburg (Saale), Stadt",6618,129.9,16895
"Deggendorf, GKSt",94469,77.14,16692
"Biberach an der Riß, Stadt",88400,72.15,16596
"Lampertheim, Stadt",68623,72.28,16441
"Jülich, Stadt",52428,90.39,16257
"Vechta, Stadt",49377,87.88,16236
"Fürstenwalde/Spree, Stadt",15517,70.68,16141
"Delbrück, Stadt",33129,157.28,15654
"Forchheim, GKSt",91301,44.45,16576
"Bad Nauheim, Stadt",61231,32.54,16884
"Itzehoe, Stadt",25524,28.03,16630
"Georgsmarienhütte, Stadt",49124,55.45,16123
"Oer-Erkenschwick, Stadt",45739,38.66,15930
"Achim, Stadt",28832,68.06,16146
"Rheinberg, Stadt",47495,75.24,16003
"Nienburg (Weser), Stadt",31582,64.53,16149
"Herrenberg, Stadt",71083,65.7,15978
"Bramsche, Stadt",49565,183.39,15311
"Kreuztal, Stadt",57223,71.07,15673
"Einbeck, Stadt",37574,231.92,15920
"Schönebeck (Elbe), Stadt",39218,86.02,16053
"Geestland, Stadt",27607,356.83,15904
"Neuruppin, Stadt",16816,305.25,15829
"Gevelsberg, Stadt",58285,26.34,15890
"Riesa, Stadt",1589,58.91,15902
"Emmerich am Rhein, Stadt",46446,80.4,15269
"Werl, Stadt",59457,76.35,15067
"Radolfzell am Bodensee, Stadt",78315,58.55,15887
"Geesthacht, Stadt",21502,33.25,15536
"Haan, Stadt",42781,24.19,15840
"Osterholz-Scharmbeck, Stadt",27711,147.17,15477
"Lohmar, Stadt",53797,65.62,15427
"Burgdorf, Stadt",31303,112.56,15448
"Schwedt/Oder, Stadt",16303,205.56,15673
"Weil am Rhein, Stadt",79576,19.46,15543
"Meschede, Kreis- und  Hochschulstadt",59872,218.5,15188
"Ennepetal, Stadt der Kluterthöhle",58256,57.77,15320
"Werne, Stadt",59368,76.14,15370
"Merzig, Kreisstadt",66663,108.98,15070
"Andernach, Stadt",56626,53.34,15290
"Bad Hersfeld, Kreisstadt",36251,73.82,15138
"Neuburg a.d.Donau, GKSt",86633,81.29,14679
"Friedberg, St",86316,81.25,15072
"Taunusstein, Stadt",65232,67.03,15192
"Rietberg, Stadt",33397,110.31,14583
"Höxter, Stadt",37671,158.16,14856
"Gaggenau, Stadt",76571,65.01,14909
"Oelde, Stadt",59302,102.77,14595
"Waltrop, Stadt",45731,47.09,15050
"Tönisvorst, Stadt",47918,44.34,14996
"Güstrow, Stadt",18273,71.09,15076
"Vaihingen an der Enz, Stadt",71665,73.4,14572
"Northeim, Stadt",37154,145.85,14803
"Bretten, Stadt",75015,71.1,14543
"Bühl, Stadt",77815,73.18,14717
"Zeitz, Stadt",6712,87.18,14838
"Landsberg am Lech, GKSt",86899,57.91,14429
"Springe, Stadt",31832,160.12,14831
"Rösrath, Stadt",51503,38.8,14652
"Unterschleißheim, St",85716,14.93,14252
"Kelkheim (Taunus), Stadt",65779,30.65,14612
"Schwandorf, GKSt",92421,123.81,14330
"Friedberg (Hessen), Kreisstadt",61169,50.17,14317
"Schwelm, Stadt",58332,20.49,14755
"Idar-Oberstein, Stadt",55743,91.58,14493
"Grimma, Stadt",4668,218.25,14370
"Kevelaer, Stadt",47623,100.64,14371
"Rendsburg, Stadt",24768,23.73,14264
"Wegberg, Stadt",41844,84.34,14279
"Winnenden, Stadt",71364,28.05,14196
"Mühlheim am Main, Stadt",63165,20.67,14205
"Leichlingen (Rheinland), Blütenstadt",42799,37.26,14555
"Sundern (Sauerland), Stadt",59846,193.27,13931
"Meißen, Stadt",1662,30.92,14503
"Bad Neuenahr-Ahrweiler, Stadt",53474,63.38,14839
"Wetter (Ruhr), Stadt",58300,31.55,14105
"Königsbrunn, St",86343,18.4,14053
"Aschersleben, Stadt",6449,156.22,14352
"Baunatal, Stadt",34225,38.26,14296
"Rödermark, Stadt",63322,29.99,14111
"Geislingen an der Steige, Stadt",73312,75.83,13806
"Verden (Aller), Stadt",27283,71.7,14198
"Emmendingen, Stadt",79312,33.78,14210
"Reinbek, Stadt",21465,31.23,13906
"Olching, St",82140,29.92,14013
"Hattersheim am Main, Stadt",65795,15.81,13678
"Sangerhausen, Stadt",6526,207.66,13902
"Mechernich, Stadt",53894,136.48,13619
"Rheinbach, Stadt",53359,69.72,13687
"Neukirchen-Vluyn, Stadt",47506,43.5,14026
"Wangen im Allgäu, Stadt",88239,101.35,13928
"Overath, Stadt",51491,68.88,13743
"Griesheim, Stadt",64347,21.55,13536
"Leimen, Stadt",69181,20.64,13779
"Baesweiler, Stadt",52499,27.76,13832
"Geilenkirchen, Stadt",52511,83.2,13576
"Hamminkeln, Stadt",46499,164.53,13412
"Schloß Holte-Stukenbrock, Stadt",33758,67.52,13600
"Weinstadt, Stadt",71384,31.71,13606
"Wiesloch, Stadt",69168,30.24,13348
"Lohne (Oldenburg), Stadt",49393,91.11,12952
"Strausberg, Stadt",15344,67.95,13689
"Neckarsulm, Stadt",74172,24.94,13273
"Lauf a.d.Pegnitz, St",91207,59.77,13518
"Eisenhüttenstadt, Stadt",15890,63.47,13554
"Nordenham, Stadt",26954,87.77,13235
"Köthen (Anhalt), Stadt",6366,78.44,13440
"Staßfurt, Stadt",39418,146.71,13439
"Hennigsdorf, Stadt",16761,31.47,13323
"St. Wendel, Kreisstadt",66606,113.53,13298
"Heiligenhaus, Stadt",42579,27.52,13268
"Ilmenau, Stadt",98693,62.73,12462
"Remseck am Neckar, Stadt",71686,22.82,13115
"Butzbach, Friedrich-Ludwig-Weidig-Stadt",35510,106.6,12977
"Kulmbach, GKSt",95326,92.77,13355
"Mühlacker, Stadt",75417,54.32,12987
"Ehingen (Donau), Stadt",89584,178.33,12752
"Lennestadt, Stadt",57368,135.59,12798
"Heppenheim (Bergstraße), Kreisstadt",64646,52.14,12999
"Zittau, Stadt",2763,66.75,13159
"Selm, Stadt",59379,60.41,13189
"Bad Honnef, Stadt",53604,48.17,13356
"Hohen Neuendorf, Stadt",16540,48.56,13226
"Teltow, Stadt",14513,21.6,13062
"Brilon, Stadt",59929,229.16,13070
"Weiterstadt, Stadt",64331,34.4,12636
"Lübbecke, Stadt",32312,65.04,13142
"Plettenberg, Stadt",58840,96.76,12800
"Rinteln, Stadt",31737,109.02,13010
"Zirndorf, St",90513,28.79,13205
"Verl, Stadt",33415,71.37,12446
"Bingen am Rhein, Stadt",55411,37.71,12917
"Pfaffenhofen a.d.Ilm, St",85276,92.64,12746
"Werder (Havel), Stadt",14542,117.05,12837
"Petershagen, Stadt",32469,211.94,12583
"Achern, Stadt",77855,65.24,12756
"Friedrichsdorf, Stadt",61381,30.16,12812
"Lindau (Bodensee), GKSt",88131,33.06,13138
"Ludwigsfelde, Stadt",14974,109.98,12766
"Rottweil, Stadt",78628,71.76,12805
"Norden, Stadt",26506,106.32,12925
"Wiehl, Stadt",51674,53.26,12965
"Salzkotten, Stadt",33154,109.8,12685
"Roth, St",91154,96.33,12857
"Warstein, Stadt",59581,158.03,12516
"Sprockhövel, Stadt",45549,47.94,12958
"Bad Oldesloe, Stadt",23843,52.6,12825
"Ingelheim am Rhein, Stadt",55218,49.86,12661
"Schmallenberg, Stadt",57392,303.1,12308
"Saalfeld/Saale, Stadt",7318,48.73,12919
"Harsewinkel, Die Mähdrescherstadt",33428,100.59,12278
"Delitzsch, Stadt",4509,85.92,12675
"Weingarten, Stadt",88250,12.16,12918
"Schleswig, Stadt",24837,24.3,12702
"Senftenberg, Stadt",1968,127.56,12710
"Espelkamp, Stadt",32339,84.21,12674
"Ditzingen, Stadt",71254,30.38,12433
"Groß-Gerau, Stadt",64521,54.48,12412
"Horb am Neckar, Stadt",72160,119.76,12206
"Pfungstadt, Stadt",64319,42.53,12505
"Ellwangen (Jagst), Stadt",73479,127.38,12177
"Obertshausen, Stadt",63179,13.62,12597
"Idstein, Hochschulstadt",65510,79.69,12716
"Lüdinghausen, Stadt",59348,140.54,12341
"Meckenheim, Stadt",53340,34.84,12564
"Olpe, Stadt",57462,85.88,12580
"Geretsried, St",82538,24.6,12427
"Markkleeberg, Stadt",4416,31.44,12784
"Quedlinburg, Welterbestadt",6484,120.44,12793
"Arnstadt, Stadt",99310,55.08,12481
"Syke, Stadt",28857,128.11,12280
"Attendorn, Hansestadt",57439,97.95,12118
"Rathenow, Stadt",14712,113.1,12471
"Salzwedel, Hansestadt",29410,304.58,12171
"Stutensee, Stadt",76297,45.68,12219
"Übach-Palenberg, Stadt",52531,26.12,12031
"Limbach-Oberfrohna, Stadt",9212,50.21,12412
"Ronnenberg, Stadt",30952,37.89,12114
"Eisleben, Lutherstadt",6295,143.87,12248
"Varel, Stadt",26316,113.75,12290
"Waldshut-Tiengen, Stadt",79761,77.97,12135
"Döbeln, Stadt",4720,91.74,12125
"Sonneberg, Stadt",96515,84.69,12253
"Hann. Münden, Stadt",34346,121.16,12076
"Öhringen, Stadt",74613,67.79,11909
"Haren (Ems), Stadt",49733,208.79,11759
"Sehnde, Stadt",31319,103.58,11693
"Korbach, Hansestadt, Kreisstadt",34497,123.98,12100
"Bedburg, Stadt",50181,80.42,11671
"Dillenburg, Stadt",35683,83.89,11928
"Warburg, Hansestadt",34414,168.84,11774
"Netphen, Stadt",57250,137.39,11674
"Riedstadt, Stadt",64560,73.73,11722
"Helmstedt, Stadt",38350,47.14,11989
"Bad Mergentheim, Stadt",97980,129.96,11962
"Starnberg, St",82319,61.85,12303
"Calw, Stadt",75365,59.88,11432
"Walsrode, Stadt",29664,272.29,11706
"Mosbach, Stadt",74821,62.17,11644
"Husum, Stadt",25813,25.81,12022
"Herzogenaurach, St",91074,47.62,11487
"Wertheim, Stadt",97877,138.59,11564
"Waldkraiburg, St",84478,21.56,11558
"Glauchau, Stadt",8371,51.62,11649
"Burg, Stadt",39288,164.05,11282
"Gardelegen, Hansestadt",39638,632.43,11415
"Gelnhausen, Barbarossast., Krst.",63571,45.19,11572
"Freudenstadt, Stadt",72250,87.54,11737
"Herdecke, Stadt",58313,22.39,11927
"Spremberg, Stadt",3130,202.32,11685
"Rudolstadt, Stadt",7407,55.41,11685
"Vreden, Stadt",48691,135.83,11078
"Überlingen, Stadt",88662,58.66,12056
"Lengerich, Stadt",49525,90.79,11385
"Leutkirch im Allgäu, Stadt",88299,174.98,11217
"Radevormwald, Stadt auf der Höhe",42477,53.86,11512
"Westerstede, Stadt",26655,179.55,11427
"Bad Soden am Taunus, Stadt",65812,12.55,11698
"Donaueschingen, Stadt",78166,104.67,11034
"Weilheim i.OB, St",82362,55.5,11599
"Apolda, Stadt",99510,46.27,11313
"Karben, Stadt",61184,43.94,11132
"Stadthagen, Stadt",31655,60.27,11443
"Senden, St",89250,25.21,11310
"Gersthofen, St",86368,34.01,11136
"Friesoythe, Stadt",26169,247.49,10948
"Osterode am Harz, Stadt",37520,102.54,11085
"Sondershausen, Stadt",99706,201.21,11187
"Bad Harzburg, Stadt",38667,65.52,11709
"Nagold, Stadt",72202,63.09,11028
"Eckernförde, Stadt",24340,21.38,11513
"Büdingen, Stadt",63654,122.88,10892
"Bad Kissingen, GKSt",97688,69.92,11801
"Zerbst/Anhalt, Stadt",39261,467.77,11123
"Neusäß, St",86356,25.22,11368
"Waldkirch, Stadt",79183,48.47,11205
"Laupheim, Stadt",88471,61.79,10881
"Metzingen, Stadt",72555,34.55,11060
"Halle (Westf.), Stadt",33790,69.7,10928
"Büren, Stadt",33142,170.99,10483
"Hockenheim, Stadt",68766,34.84,10780
"Schwetzingen, Stadt",68723,21.62,11127
"Xanten, Stadt",46509,72.43,10947
"Rotenburg (Wümme), Stadt",27356,99.06,10975
"Versmold, Stadt",33775,85.57,10675
"Heide, Stadt",25746,31.97,11321
"Sonthofen, St",87527,46.55,11225
"Eppingen, Stadt",75031,88.58,10765
"Stadtallendorf, Stadt",35260,78.29,10748
"Wipperfürth, Hansestadt",51688,118.3,10811
"Waren (Müritz), Stadt",17192,159.46,11306
"Soltau, Stadt",29614,203.77,10875
"Puchheim, St",82178,12.24,10985
"Wülfrath, Stadt",42489,32.27,10889
"Elsdorf, Stadt",50189,66.17,10814
"Eschborn, Stadt",65760,12.13,10821
"Meiningen, Stadt",98617,59.46,10771
"Seligenstadt, Stadt",63500,30.85,10887
"Rees, Stadt",46459,109.86,10736
"Aichach, St",86551,92.84,10824
"Geseke, Stadt",59590,97.88,10630
"Flörsheim am Main, Stadt",65439,22.95,10801
"Reichenbach im Vogtland, Stadt",8468,34.46,10938
"Groß-Umstadt, Stadt",64823,86.84,10607
"Schramberg, Stadt",78713,80.7,10511
"Bad Rappenau, Stadt",74906,73.56,10622
"Greiz, Stadt",7973,76.44,10790
"Fröndenberg/Ruhr, Stadt",58730,56.23,10623
"Werdau, Stadt",8412,65.63,10667
"Traunreut, St",83301,45.06,10570
"Kitzingen, GKSt",97318,46.99,10722
"Blieskastel, Stadt",66440,108.21,10524
"Kaltenkirchen, Stadt",24568,23.1,10633
"Coswig, Stadt",1640,25.88,10847
"Waghäusel, Stadt",68753,42.84,10475
"Quickborn, Stadt",25451,43.17,10702
"Germersheim, Stadt",76726,21.68,10316
"Duderstadt, Stadt",37115,95.64,10528
"Meinerzhagen, Stadt",58540,115.67,10318
"Herborn, Stadt",35745,63.8,10494
"Burgwedel, Stadt",30938,152.85,10779
"Luckenwalde, Stadt",14943,46.61,10559
"Enger, Widukindstadt",32130,41.24,10409
"Bruchköbel, Stadt",63486,29.69,10457
"Wittmund, Stadt",26409,210.15,10375
"Neustrelitz, Stadt",17235,139.86,10533
"Schortens, Stadt",26419,68.8,10436
"Eislingen/Fils, Stadt",73054,16.41,10365
"Stadtlohn, Stadt",48703,79.25,10126
"Dillingen/ Saar, Stadt",66763,22.05,10443
"Rheinstetten, Stadt",76287,32.31,10423
"Annaberg-Buchholz, Stadt",9456,28.15,10545
"Günzburg, GKSt",89312,55.4,10302
"Mössingen, Stadt",72116,50.03,10439
"Blankenburg (Harz), Stadt",38889,148.94,10449
"Holzminden, Stadt",37603,88.24,10224
"Bad Schwartau, Stadt",23611,18.39,10732
"Bad Waldsee, Stadt",88339,108.55,10295
"Lichtenfels, St",96215,122.16,10190
"Torgau, Stadt",4860,102.8,10121
"Nidderau, Stadt",61130,46.73,10076
"Hörstel, Stadt",48477,107.54,9970
"Nördlingen, GKSt",86720,68.09,10118
"Zülpich, Stadt",53909,101.01,10178
"Schifferstadt, Stadt",67105,28.06,10056
"Traunstein, GKSt",83278,48.57,10408
"Ennigerloh, Stadt",59320,125.56,9961
"Oberkirch, Stadt",77704,69.09,10032
"Oschersleben (Bode), Stadt",39387,188.92,10168
"Marsberg, Stadt",34431,182.22,9706
"Donauwörth, GKSt",86609,77.04,9848
"Eschwege, Kreisstadt",37269,63.27,10174
"Telgte, Stadt",48291,90.84,10191
"Gerlingen, Stadt",70839,17.01,10069
"Mühldorf a.Inn, St",84453,29.42,9910
"Schopfheim, Stadt",79650,67.94,10132
"Ochtrup, Stadt",48607,105.63,9655
"Giengen an der Brenz, Stadt",89537,44.07,9784
"Wildeshausen, Stadt",27793,89.7,9880
"Sulzbach-Rosenberg, St",92237,53.12,9870
"Bückeburg, Stadt",31675,68.9,10041
"Borna, Stadt",4552,62.44,9997
"Haiger, Stadt",35708,106.67,9762
"Seesen, Stadt",38723,102.32,9951
"Dingolfing, St",84130,44,9271
"Waldbröl, Stadt",51545,63.32,9877
"Prenzlau, Stadt",17291,142.96,9994
"Bad Berleburg, Stadt",57319,275.52,9586
"Sarstedt, Stadt",31157,43,9784
"Haldensleben, Stadt",39340,156.2,9662
"Rhede, Stadt",46414,78.9,9664
"Korntal-Münchingen, Stadt",70825,20.71,9649
"Schenefeld, Stadt",22869,9.99,9823
"Bad Pyrmont, Stadt",31812,61.99,10112
"Schmalkalden, Kurort, Stadt",98574,98.3,9420
"Bad Krozingen, Stadt",79189,35.65,9932
"Bad Friedrichshall, Stadt",74177,24.71,9448
"Alfeld (Leine), Stadt",31061,72.88,9694
"Hechingen, Stadt",72379,66.41,9605
"Mayen, Stadt",56727,58.19,9571
"Weil der Stadt, Stadt",71263,43.17,9503
"Crimmitschau, Stadt",8451,61.15,9825
"Mölln, Stadt",23879,25.05,9901
"Bergneustadt, Stadt",51702,37.89,9677
"Heusenstamm, Stadt",63150,19.03,9571
"Tettnang, Stadt",88069,71.25,9482
"Müllheim, Stadt",79379,57.91,9740
"Sömmerda, Stadt",99610,81.11,9614
"Hemmingen, Stadt",30966,31.73,9674
"Lebach, Stadt",66822,64.21,9288
"Auerbach/Vogtl., Stadt",8209,55.52,9736
"Wittlich, Stadt",54516,49.63,9306
"Püttlingen, Stadt",66346,23.95,9656
"Vlotho, Stadt",32602,76.93,9376
"Forst (Lausitz), Stadt",3149,110.7,9575
"Schneverdingen, Stadt",29640,234.92,9571
"Leinefelde-Worbis, Stadt",37327,96.87,9341
"Bremervörde, Stadt",27432,150.42,9228
"Bad Dürkheim, Stadt",67098,102.55,9822
"Bad Aibling, St",83043,41.4,9637
"Dillingen a.d.Donau, GKSt",89407,75.59,9409
"Bad Tölz, St",83646,30.8,9682
"Wolfratshausen, St",82515,9.13,9531
"Radeberg, Stadt",1454,29.83,9382
"Alzenau, St",63755,59.3,9423
"Burghausen, St",84489,19.81,9454
"Marktoberdorf, St",87616,95.15,9278
"Sachsenheim, Stadt",74343,57.92,9263
"Kolbermoor, St",83059,19.83,9380
"Bad Driburg, Stadt4)",33014,115.3,/
"Glinde, Stadt",21509,11.22,9339
"Burscheid, Stadt",51399,27.33,9238
"Kronberg im Taunus, Stadt",61476,18.62,9690
"Uetersen, Stadt",25436,11.43,9308
"Großenhain, Stadt",1558,130.36,9272
"Weißenburg i.Bay., GKSt",91781,97.58,9301
"Pfullingen, Stadt",72793,30.14,9384
"Konz, Stadt",54329,44.56,9300
"Moosburg a.d.Isar, St",85368,43.85,9057
"Hessisch Oldendorf, Stadt",31840,120.32,9206
"Zossen, Stadt",15806,180.4,9084
"Alzey, Stadt",55232,35.22,9141
"Pohlheim, Stadt",35415,38,9234
"Schwalmstadt, Stadt",34613,84.74,8911
"Lahnstein, Stadt",56112,37.62,9353
"Vellmar, Stadt",34246,13.97,9539
"Wassenberg, Stadt",41849,42.43,9127
"Parchim, Stadt",19370,124.82,9245
"Buchen (Odenwald), Stadt",74722,138.93,9055
"Schkeuditz, Stadt",4435,81.47,8680
"Werdohl, Stadt",58791,33.39,9023
"Bexbach, Stadt",66450,31.09,9067
"Frankenberg (Eder), Stadt",35066,124.87,8948
"Wörth am Rhein, Stadt",76744,131.62,9031
"Bad Reichenhall, GKSt",83435,41.92,9302
"Freudenberg, Stadt",57258,54.6,8880
"Thale, Stadt",6502,137.58,8958
"Oberasbach, St",90522,12.08,9130
"Renningen, Stadt",71272,31.15,8731
"Sinzig, Stadt",53489,41.1,8964
"Sigmaringen, Stadt",72488,92.84,8494
"Guben, Stadt",3172,43.99,9112
"Nauen, Stadt",14641,268.14,8785
"Bad Segeberg, Stadt",23795,18.87,9062
"Bad Saulgau, Stadt",88348,97.33,8929
"Bad Langensalza, Stadt",99947,123.67,8881
"Bad Münder am Deister, Stadt",31848,107.97,8895
"Hochheim am Main, Stadt",65239,19.43,8908
"Wittenberge, Stadt",19322,50.63,8944
"Nidda, Stadt",63667,118.35,8618
"Bad Münstereifel, Stadt",53902,150.83,8850
"Marktredwitz, GKSt",95615,49.52,8981
"Oerlinghausen, Stadt",33813,32.69,8812
"Marienberg, Stadt",9496,133.5,8701
"Horn-Bad Meinberg, Stadt",32805,90.15,8866
"Altena, Stadt",58762,44.42,8711
"Schwarzenberg/Erzgeb., Stadt",8340,46.31,8985
"Gescher, Glockenstadt",48712,80.84,8514
"Bobingen, St",86399,50.25,8647
"Illertissen, St",89257,36.39,8721
"Garching b.München, St",85748,28.17,8270
"Bad Säckingen, Stadt",79713,25.34,8800
"Eutin, Stadt",23701,41.4,9006
"Eltville am Rhein, Stadt",65343,46.77,8766
"Bad Wildungen, Stadt",34537,120.08,8655
"Heilbad Heiligenstadt, Stadt",37308,62.26,8497
"Damme, Stadt",49401,104.39,8444
"Schrobenhausen, St",86529,75.26,8572
"Kronach, St",96317,66.98,8689
"Stockach, Stadt",78333,69.73,8485
"Bendorf, Stadt",56170,24.12,8584
"Babenhausen, Stadt",64832,66.87,8304
"Cham, St",93413,80.69,8437
"Weißwasser/O.L., Stadt",2943,63.42,8698
"Freilassing, St",83395,14.81,8588
"Diepholz, Stadt",49356,104.68,8365
"Gunzenhausen, St",91710,82.72,8620
"Finsterwalde, Stadt",3238,77.21,8604
"Penzberg, St",82377,25.73,8404
"Königstein im Taunus, Stadt",61462,25.07,8704
"Kelheim, St",93309,76.7,8198
"Remagen, Stadt",53424,33.21,8375
"Brakel, Stadt",33034,173.92,8156
"Sulzbach/ Saar, Stadt",66280,16.07,8379
"Kirchhain, Stadt",35274,90.92,8287
"Heidenau, Stadt",1809,11.07,8321
"Trossingen, Stadt",78647,24.2,8172
"Ginsheim-Gustavsburg, Stadt",65462,13.94,8344
"Hünfeld, Konrad-Zuse-Stadt",36088,119.77,8106
"Wurzen, Stadt",4808,69.04,8491
"Wendlingen am Neckar, Stadt",73240,12.15,8198
"Kierspe, Stadt",58566,71.91,8223
"Schwarzenbek, Stadt",21493,11.56,8261
"Halver, Stadt",58553,77.23,8292
"Reinheim, Stadt",64354,27.7,8250
"Vilshofen an der Donau, St",94474,86.29,8178
"Aue, Stadt",8280,20.92,8478
"Bürstadt, Stadt",68642,34.46,8132
"Bargteheide, Stadt",22941,15.82,8397
"Templin, Stadt",17268,379.49,8268
"Zeulenroda-Triebes, Stadt",7937,135.14,8303
"Lübbenau/Spreewald, Stadt",3222,139.4,8286
"Michelstadt, Stadt",64720,86.98,8127
"Preetz, Stadt",24211,14.4,8395
"Erwitte, Stadt",59597,89.41,8111
"Kelsterbach, Stadt",65451,15.37,7771
"Raunheim, Stadt",65479,12.61,7970
"Alsfeld, Stadt",36304,129.69,8102
"Freiberg am Neckar, Stadt",71691,13.14,8121
"Brackenheim, Stadt",74336,45.75,7938
"Schlüchtern, Stadt",36381,113.31,8063
"Straelen, Stadt",47638,74.04,7958
"Königslutter am Elm, Stadt",38154,131.12,8051
"Blaustein, Stadt",89134,55.61,7933
"Wadern, Stadt",66687,111.14,7976
"Bassum, Stadt",27211,168.85,7929
"Bad Wörishofen, St",86825,57.79,8286
"Bad Salzungen, Stadt",36433,39.04,8004
"Bad Lippspringe, Stadt",33175,51.01,8062
"Marbach am Neckar, Stadt",71672,18.06,8006
"Dieburg, Stadt",64807,23.08,7974
"Eilenburg, Stadt",4838,46.84,8058
"Weener, Stadt",26826,81.23,7786
"Clausthal-Zellerfeld, Berg- und Universitätsstadt",38678,43.69,6842
"Bad Arolsen, Stadt",34454,126.38,7868
"Markranstädt, Stadt",4420,58.46,7969
"Pocking, St",94060,68.86,7956
"Drensteinfurt, Stadt",48317,106.6,7792
"Walldorf, Stadt",69190,19.91,7721
"Schwalbach am Taunus, Stadt",65824,6.47,8020
"Rahden, Stadt",32369,137.48,7672
"Füssen, St",87629,43.48,8019
"Boppard, Stadt",56154,74.88,7867
"Breisach am Rhein, Stadt",79206,54.59,7764
"Ebersbach an der Fils, Stadt",73061,26.26,7722
"Taucha, Stadt",4425,33.23,7906
"Bad Bentheim, Stadt",48455,99.99,7730
"Bad Neustadt a.d.Saale, St",97616,36.89,7944
"Blomberg, Stadt",32825,99.1,7640
"Altdorf b.Nürnberg, St",90518,48.59,7748
"Hofgeismar, Stadt",34369,86.39,7874
"Künzelsau, Stadt",74653,75.17,7554
"Eppelheim, Stadt",69214,5.7,7747
"Hückeswagen, Schloss-Stadt",42499,50.52,7654
"Neustadt in Holstein, Stadt",23730,19.74,8021
"Ribnitz-Damgarten, Stadt",18311,122.83,7979
"Neustadt b.Coburg, GKSt",96465,61.89,7770
"Ober-Ramstadt, Stadt",64372,41.88,7710
"Kamenz, Stadt",1917,53.25,7705
"Brake (Unterweser), Stadt",26919,38.3,7764
"Lohr a.Main, St",97816,90.42,7649
"Witzenhausen, Stadt",37213,126.69,7742
"Hilchenbach, Stadt",57271,81.12,7588
"Landsberg, Stadt",6188,125.38,7501
"Löbau, Stadt",2708,78.9,7729
"Selb, GKSt",95100,86.07,7729
"Schriesheim, Stadt",69198,31.61,7712
"Munster, Stadt",29633,194.52,7252
"Mainburg, St",84048,61.53,7353
"Mittweida, Stadt, Hochschulstadt",9648,41.26,7497
"Langenau, Stadt",89129,75.03,7416
"Karlstadt, St",97753,98.14,7547
"Stadtbergen, St",86391,11.49,7662
"Gehrden, Stadt",30989,43.24,7743
"Hohenstein-Ernstthal, Stadt",9337,18.58,7723
"Lauchhammer, Stadt",1979,88.9,7588
"Markgröningen, Stadt",71706,28.15,7304
"Mindelheim, St",87719,56.42,7409
"Olsberg, Stadt",59939,118,7421
"Fritzlar, Dom- und Kaiserstadt",34560,88.78,7460
"Kraichtal, Stadt",76703,80.59,7386
"Neu-Anspach, Stadt",61267,36.14,7446
"Spenge, Stadt",32139,40.35,7508
"Eberbach, Stadt",69412,81.15,7605
"Meerane, Stadt",8393,19.81,7631
"Oschatz, Stadt",4758,55.44,7464
"Lauda-Königshofen, Stadt",97922,94.44,7328
"Ottweiler, Stadt",66564,45.56,7319
"Bad Wurzach, Stadt",88410,182.24,7131
"Bitburg, Stadt",54634,47.55,7545
"Sandersdorf-Brehna, Stadt",6792,81.84,7437
"Ratzeburg, Stadt",23909,30.29,7666
"Dorfen, St",84405,99.56,7225
"Dippoldiswalde, Stadt",1744,103.99,7305
"Pattensen, Stadt",30982,67.13,7406
"Hettstedt, Stadt",6333,36.93,7358
"Genthin, Stadt",39307,230.73,7250
"Sassenberg, Stadt",48336,78.08,7133
"Rotenburg a. d. Fulda, Stadt",36199,79.83,7192
"Uslar, Stadt",37170,113.58,7286
"Uhingen, Stadt",73066,24.79,7229
"Münsingen, Stadt",72525,116.93,7248
"Wittstock/Dosse, Stadt",16909,420.24,7248
"Frankenberg/Sa., Stadt",9669,65.62,7196
"Jessen (Elster), Stadt",6917,352.12,7153
"Usingen, Stadt",61250,55.83,7222
"Immenstadt i.Allgäu, St",87509,81.43,7286
"Gernsbach, Stadt",76593,82.03,7218
"Jever, Stadt",26441,42.23,7434
"Erlensee, Stadt",63526,18.59,7162
"Schneeberg, Stadt",8289,23.35,7286
"Wanzleben-Börde, Stadt",39164,188.07,7068
"Bad Camberg, Stadt",65520,54.63,7169
"Bad Bramstedt, Stadt",24576,24.14,7174
"Lauterbach (Hessen), Kreisstadt",36341,102,7122
"Plochingen, Stadt",73207,10.64,7136
"Wilsdruff, Stadt",1723,81.6,7075
"Bebra, Stadt",36179,93.64,7071
"Murrhardt, Stadt",71540,71.15,7048
"Homberg (Efze), Reformationsstadt, Kreisstadt",34576,99.99,6999
"Leuna, Stadt",6237,87.71,6974
"Oberndorf am Neckar, Stadt",78727,55.92,6971
"Langenselbold, Stadt",63505,26.26,7113
"Oebisfelde-Weferlingen, Stadt",39646,249.31,6891
"Kalkar, Stadt",47546,88.2,6998
"Lübben (Spreewald), Stadt",15907,120.85,7192
"Isny im Allgäu, Stadt",88316,85.39,6974
"Schwabmünchen, St",86830,55.5,7027
"Stein, St",90547,19.51,7255
"Markdorf, Stadt",88677,40.91,7017
"Bad Laasphe, Stadt",57334,135.95,6862
"Angermünde, Stadt",16278,324.2,7174
"Neustadt a.d.Donau, St",93333,93.53,6742
"Zeven, Stadt",27404,74.14,6815
"Grünberg, Stadt",35305,89.24,6942
"Biedenkopf, Stadt",35216,90.33,6886
"Eppstein, Stadt",65817,24.21,6955
"Aßlar, Stadt",35614,43.57,6902
"Melsungen, Stadt",34212,63.1,6917
"Abensberg, St",93326,60.27,6594
"Bergen auf Rügen, Stadt",18528,51.49,7084
"Schwentinental, Stadt",24223,17.82,7014
"Neutraubling, St",93073,9.75,6907
"Südliches Anhalt, Stadt",6369,191.54,6836
"Eggenfelden, St",84307,44.35,6893
"Erbach, Kreisstadt",64711,61.53,6995
"Grafing b.München, St",85567,29.57,6929
"Solms, Stadt",35606,34.05,6797
"Lorsch, Karolingerstadt",64653,25.24,6968
"Grünstadt, Stadt",67269,18.09,6857
"Zehdenick, Stadt",16792,223.06,6732
"Bad Soden-Salmünster, Stadt",63628,58.6,6838
"Eichstätt, GKSt",85072,47.78,6884
"Asperg, Stadt",71679,5.8,6761
"Weißenhorn, St",89264,53.72,6661
"Haßfurt, St",97437,52.66,6767
"Erbach, Stadt",89155,63.29,6634
"Hilpoltstein, St",91161,89.71,6556
"Philippsburg, Stadt",76661,50.54,6495
"Tornesch, Stadt",25436,20.61,6784
"Höchstadt a.d.Aisch, St",91315,70.87,6687
"Beverungen, Stadt",37688,98.09,6722
"Bergen, Stadt",29303,164.4,6727
"Lich, Stadt",35423,77.63,6764
"Vöhringen, St",89269,23.69,6763
"Pegnitz, St",91257,99.98,6805
"Bad Salzdetfurth, Stadt",31162,67.2,6789
"Neckargemünd, Stadt",69151,26.16,6799
"Tauberbischofsheim, Stadt",97941,69.29,6677
"Löningen, Stadt",49624,143.53,6612
"Wolfhagen, Stadt",34466,111.95,6520
"Landau a.d.Isar, St",94405,84.39,6659
"Sendenhorst, Stadt",48324,96.95,6645
"Pfullendorf, Stadt",88630,90.5,6611
"Herbrechtingen, Stadt",89542,58.63,6661
"Burglengenfeld, St",93133,93.26,6731
"Bad Dürrheim, Stadt",78073,62.08,6781
"Wiesmoor, Stadt",26639,82.94,6751
"Rödental, St",96472,49.97,6628
"Waltershausen, Stadt",99880,60.62,6604
"Östringen, Stadt",76684,53.28,6372
"Quakenbrück, Stadt",49610,17.96,6635
"Weilburg, Stadt",35781,57.5,6546
"Herzberg am Harz, Stadt",37412,71.88,6674
"Velen, Stadt",46342,70.75,6396
"Montabaur, Stadt",56410,33.77,6773
"Möckern, Stadt",39291,523.94,6421
"Holzgerlingen, Stadt",71088,13.39,6573
"Dinklage, Stadt",49413,72.81,6404
"Plattling, St",94447,35.9,6475
"Krumbach (Schwaben), St",86381,44.64,6565
"Schleiden, Stadt",53937,121.67,6547
"Ettenheim, Stadt",77955,48.8,6681
"Wehr, Stadt",79664,35.66,6670
"St. Georgen im Schwarzwald, Stadt",78112,59.84,6501
"Steinheim, Stadt",32839,75.69,6482
"Neustadt a.d.Aisch, St",91413,61.21,6654
"Winterberg, Stadt",59955,147.95,6421
"Treuchtlingen, St",91757,103.38,6361
"Altötting, St",84503,23.07,6749
"Brunsbüttel, Stadt",25541,65.2,6368
"Linden, Stadt",35440,22.77,6382
"Spaichingen, Stadt",78549,18.5,6445
"Wasserburg a.Inn, St",83512,18.8,6357
"Sulingen, Stadt",27232,110.83,6420
"Borken (Hessen), Stadt",34582,82.3,6324
"Haselünne, Stadt",49740,159.43,6377
"Schüttorf, Stadt",48465,19.45,6304
"Buchloe, St",86807,36.18,6428
"Anklam, Stadt",17389,56.68,6629
"Fehmarn, Stadt",23769,185.49,6400
"Wernau (Neckar), Stadt",73249,10.89,6230
"Olfen, Stadt",59399,52.43,6379
"Wächtersbach, Stadt",63607,50.79,6276
"Hadamar, Stadt",65589,40.99,6191
"Preußisch Oldendorf, Stadt",32361,68.75,6326
"Linnich, Stadt",52441,65.43,6278
"Pfarrkirchen, St",84347,52.35,6385
"Hungen, Stadt",35410,86.78,6287
"Hersbruck, St",91217,22.91,6278
"Bad Windsheim, St",91438,78.24,6328
"Bad Urach, Stadt",72574,55.42,6255
"Perleberg, Stadt",19348,138.69,6225
"Neustadt i. Sa., Stadt",1844,83.12,6378
"Bad Freienwalde (Oder), Stadt",16259,131.11,6321
"Jüterbog, Stadt",14913,176.48,6291
"Ludwigslust, Stadt",19288,78.63,6401
"Feuchtwangen, St",91555,137.21,6125
"Ebersbach-Neugersdorf, Stadt",2730,20.45,6317
"Rosbach v. d. Höhe, Stadt",61191,45.33,6162
"Twistringen, Stadt",27239,114.37,6064
"Schongau, St",86956,21.34,6125
"Neuenburg am Rhein, Stadt",79395,44.1,6162
"Gladenbach, Stadt",35075,72.28,6160
"Besigheim, Stadt",74354,16.83,6147
"Bad Wünnenberg, Stadt",33181,161.3,6129
"Eisenberg, Stadt",7607,24.67,5996
"Gaildorf, Stadt",74405,62.59,6176
"Sulz am Neckar, Stadt",72172,87.62,6133
"Wolgast, Stadt",17438,61.75,6204
"Weinsberg, Stadt",74189,22.22,6049
"Beelitz, Stadt",14547,181.29,6060
"Burladingen, Stadt",72393,123.31,6197
"Steinheim an der Murr, Stadt",71711,23.18,6147
"Titisee-Neustadt, Stadt",79822,89.64,6150
"Zwönitz, Stadt",8297,64.24,6241
"Bad Doberan, Stadt",18209,32.85,6310
"Hessisch Lichtenau, Stadt",37235,105.87,6043
"Pößneck, Stadt",7381,24.43,6270
"Ebersberg, St",85560,40.84,6147
"Blaubeuren, Stadt",89143,79.13,6009
"Coswig (Anhalt), Stadt",6869,295.75,5968
"Hemsbach, Stadt",69502,12.85,6125
"Monschau, Stadt",52156,94.6,5997
"Pritzwalk, Stadt",16928,167.47,6097
"Neuenrade, Stadt",58809,54.1,6031
"Röthenbach a.d.Pegnitz, St",90552,14.29,6223
"Gräfenhainichen, Stadt",6773,158.94,6107
"Bad Dürrenberg, Stadt",6231,36.15,6009
"Drolshagen, Stadt",57489,67.11,5874
"Velten, Stadt",16727,23.36,6016
"Bopfingen, Stadt",73441,76.94,5947
"Oestrich-Winkel, Stadt",65375,59.53,5998
"Geisenheim, Hochschulstadt",65366,40.35,5989
"Hagenow, Stadt",19230,67.54,5945
"Vilsbiburg, St",84137,68.84,5839
"Roding, St",93426,113.7,5874
"Erkner, Stadt",15537,16.53,6144
"Langelsheim, Stadt",38685,48.81,5867
"Osterhofen, St",94486,111.17,5851
"Hildburghausen, Stadt",98646,72.9,5896
"Hauzenberg, St",94051,82.79,5820
"Dinkelsbühl, GKSt",91550,75.16,5891
"Billerbeck, Stadt",48727,91.37,5789
"Wittingen, Stadt",29378,225.83,5741
"Lichtenstein/Sa., Stadt",9350,15.47,6027
"Walldürn, Stadt",74731,105.91,5685
"Ladenburg, Stadt",68526,19,5910
"Balve, Stadt",58802,74.81,5802
"Lindenberg i.Allgäu, St",88161,11.84,5852
"Lauenburg/ Elbe, Stadt",21481,9.55,5741
"Wolmirstedt, Stadt",39326,54.29,5890
"Miesbach, St",83714,32.44,5873
"Bad Fallingbostel, Stadt",29683,63.7,5773
"Schöningen, Stadt",38364,35.47,5787
"Ochsenfurt, St",97199,63.57,5715
"Werther (Westf.), Stadt",33824,35.42,5677
"Laichingen, Stadt",89150,69.83,5571
"Stollberg/Erzgeb., Stadt",9366,38.99,5868
"Rheinau, Stadt",77866,73.5,5597
"Trostberg, St",83308,51.55,5730
"Schwaigern, Stadt",74193,49.49,5522
"Osterwieck, Stadt",38835,212.87,5552
"Lauffen am Neckar, Stadt",74348,22.63,5703
"Glückstadt, Stadt",25348,22.75,5742
"Schmölln, Stadt",4626,41.61,5679
"Bischofswerda, Stadt",1877,46.21,5828
"Mülheim-Kärlich, Stadt",56218,16.42,5662
"Oelsnitz/Erzgeb., Stadt",9376,26.28,5741
"Geisenfeld, St",85290,88.3,5244
"Marktheidenfeld, St",97828,35.7,5746
"Maxhütte-Haidhof, St",93142,34.69,5532
"Bad Belzig, Stadt",14806,236.06,5639
"Hammelburg, St",97762,128.88,5605
"Rothenburg ob der Tauber, GKSt",91541,41.67,5696
"Braunsbedra, Stadt",6242,74.3,5441
"Demmin, Hansestadt",17109,82.06,5771
"Welzheim, Stadt",73642,37.99,5635
"Diez, Stadt",65582,12.41,5316
"Rüthen, Stadt",59602,158.15,5264
"Braunfels, Stadt",35619,47.29,5620
"Gengenbach, Stadt",77723,61.9,5685
"Querfurt, Stadt",6268,155.42,5596
"Flöha, Stadt",9557,27.76,5652
"Donzdorf, Stadt",73072,39.82,5425
"Tangerhütte, Stadt",39517,294.83,5471
"Regen, St",94209,65.14,5461
"Lauingen (Donau), St",89415,44.39,5502
"Gronau (Leine), Stadt",31028,88.39,5555
"Bad Schwalbach, Kreisstadt",65307,40.27,5439
"Bad Nenndorf, Stadt",31542,23.22,5710
"Lorch, Stadt",73547,34.28,5354
"Meßstetten, Stadt",72469,76.8,5190
"Herbolzheim, Stadt",79336,35.48,5372
"Nossen, Stadt",1683,122.74,5376
"Burgstädt, Stadt",9217,25.87,5515
"Oberharz am Brocken, Stadt",38875,271.52,5502
"Rutesheim, Stadt",71277,16.22,5412
"Engen, Stadt",78234,70.56,5388
"Isselburg, Stadt",46419,42.8,5274
"Lichtenau, Stadt",33165,192.57,5145
"Bad Iburg, Stadt",49186,36.5,5497
"Felsberg, Stadt",34587,83.28,5381
"Zella-Mehlis, Stadt",98544,28.07,5426
"Bad Lauterberg im Harz, Stadt",37431,41.56,5490
"Haigerloch, Stadt",72401,76.44,5284
"Gommern, Stadt",39245,159.98,5405
"Steinbach (Taunus), Stadt",61449,4.4,5446
"Boizenburg/ Elbe, Stadt",19258,47.43,5309
"Langenzenn, St",90579,46.33,5432
"Tangermünde, Stadt",39590,89.87,5415
"Riedlingen, Stadt",88499,64.95,5231
"Grevesmühlen, Stadt",23936,52.38,5348
"Oelsnitz/Vogtl., Stadt",8606,53.67,5340
"Altensteig, Stadt",72213,53.19,5186
"Pasewalk, Stadt",17309,55.21,5486
"Waldkirchen, St",94065,80.01,5261
"Steinau an der Straße, Brüder-Grimm-Stadt",36396,104.87,5211
"Bad Staffelstein, St",96231,99.51,5241
"Barmstedt, Stadt",25355,17.17,5249
"Münchberg, St",95213,68.78,5327
"Weilheim an der Teck, Stadt",73235,26.51,5095
"Meuselwitz, Stadt",4610,53.66,5287
"Büdelsdorf, Stadt",24782,6.48,5288
"Lollar, Stadt",35457,21.41,5146
"Rehburg-Loccum, Stadt",31547,99.97,5052
"Friedrichsthal, Stadt",66299,8.99,5217
"Gemünden a.Main, St",97737,75.06,5136
"Klötze, Stadt",38486,278.29,5182
"Gernsheim, Schöfferstadt",64579,40.11,5148
"Erlenbach a.Main, St",63906,16.31,5104
"Aulendorf, Stadt",88326,52.34,5047
"Aichtal, Stadt",72631,23.6,4949
"Süßen, Stadt",73079,12.79,5026
"Frohburg, Stadt",4654,108.51,5102
"Betzdorf, Stadt",57518,9.56,5141
"Schotten, Stadt",63679,133.56,4887
"Wildau, Stadt",15745,9.1,5134
"Blumberg, Stadt",78176,98.72,4954
"Wilkau-Haßlau, Stadt",8112,12.65,5244
"Osterburg (Altmark), Hansestadt",39606,229.76,5123
"Kenzingen, Stadt",79341,36.93,4962
"Niebüll, Stadt",25899,30.63,5142
"Wildberg, Stadt",72218,56.68,4950
"Neuenhaus, Stadt",49828,31.37,4951
"Bogen, St",94327,49.74,4951
"Wettin-Löbejün, Stadt",6193,127.11,5008
"Kemberg, Stadt",6901,235.21,4990
"Rüdesheim am Rhein, Stadt",65385,51.44,4932
"Grimmen, Stadt",18507,50.51,5188
"Nideggen, Stadt",52385,65.04,5051
"Nieder-Olm, Stadt",55268,11.22,5096
"Oldenburg in Holstein, Stadt",23758,39.68,5069
"Dassel, Stadt",37586,113.24,4968
"Bad Gandersheim, Stadt",37581,90.85,5089
"Bad Wildbad, Stadt",75323,105.22,5012
"Sebnitz, Stadt",1855,88.23,4963
"Mengen, Stadt",88512,49.82,4882
"Heubach, Stadt",73540,25.78,4944
"Bad Orb, Stadt",63619,47.78,5109
"Bockenem, Stadt",31167,109.96,4872
"Simbach a.Inn, St",84359,47.33,4983
"Schlitz, Stadt",36110,142.09,4881
"Neuenstadt am Kocher, Stadt",74196,41.17,4831
"Visselhövede, Stadt",27374,159.2,4952
"Hohenmölsen, Stadt",6679,75.31,5007
"Laubach, Stadt",35321,97.02,4954
"Brand-Erbisdorf, Stadt",9618,46.33,4952
"Bad König, Stadt",64732,46.73,4969
"Gudensberg, Stadt",34281,46.5,4879
"Lügde, Stadt der Osterräder",32676,88.64,4844
"Brandis, Stadt",4821,34.89,4879
"Burgau, St",89331,25.92,4812
"Luckau, Stadt",15926,207.43,4828
"Beilngries, St",92339,100.02,4606
"Niesky, Stadt",2906,53.81,4862
"Dissen am Teutoburger Wald, Stadt",49201,31.9,4741
"Zwiesel, St",94227,41.16,4841
"Niddatal, Stadt",61194,40.26,4762
"Ilsenburg (Harz), Stadt",38871,62.97,4795
"Zschopau, Stadt",9405,22.79,4899
"Sassnitz, Stadt",18546,47.14,4939
"Runkel, Stadt",65594,43.72,4760
"Trebbin, Stadt",14959,126.37,4670
"Bleckede, Stadt",21354,140.65,4861
"Bad Ems, Stadt",56130,15.41,4902
"Endingen am Kaiserstuhl, Stadt",79346,26.7,4752
"Fürstenau, Stadt",49584,78.65,4814
"Neustadt (Hessen), Stadt",35279,56.88,4594
"Wahlstedt, Stadt",23812,15.75,4802
"Höhr-Grenzhausen, Stadt",56203,15.88,4795
"Zörbig, Stadt",6780,113.68,4724
"Rehau, St",95111,80.33,4783
"Torgelow, Stadt",17358,72.19,4751
"Heilsbronn, St",91560,62.23,4731
"Bad Breisig, Stadt",53498,19.93,4821
"Raguhn-Jeßnitz, Stadt",6779,97.13,4706
"Obernkirchen, Stadt",31683,32.45,4653
"Eisenberg (Pfalz), Stadt",67304,18.75,4674
"Miltenberg, St",63897,60.25,4738
"Altlandsberg, Stadt",15345,106.6,4662
"Töging a.Inn, St",84513,13.65,4752
"Bad Liebenwerda, Stadt",4924,138.88,4734
"Zahna-Elster, Stadt",6895,148.58,4630
"Bad Liebenzell, Stadt",75378,33.78,4712
"Lüchow (Wendland), Stadt",29439,89.46,4740
"Kyritz, Stadt",16866,157.38,4690
"Bad Bevensen, Stadt",29549,48.36,4960
"Doberlug-Kirchhain, Stadt",3253,150.36,4593
"Wunsiedel, St",95632,54.88,4717
"Heiligenhafen, Stadt",23774,18.32,4734
"Herzberg (Elster), Stadt",4916,149,4754
"Osthofen, Stadt",67574,18.62,4610
"Elsfleth, Stadt",26931,115.19,4456
"Zwenkau, Stadt",4442,46.3,4617
"Ortenberg, Stadt",63683,54.69,4603
"Storkow (Mark), Stadt",15859,180.72,4536
"Wertingen, St",86637,51.88,4549
"Ballenstedt, Stadt",6493,86.65,4621
"Reinfeld (Holstein), Stadt",23858,17.36,4559
"Furtwangen im Schwarzwald, Stadt",78120,82.57,4374
"Kandel, Stadt",76870,26.69,4555
"Waldheim, Stadt",4736,41.71,4420
"Tecklenburg, Stadt",49545,70.49,4483
"Weißenthurm, Stadt",56575,3.99,4345
"Bad Frankenhausen/Kyffhäuser, Stadt",6567,66.22,4557
"Furth im Wald, St",93437,67.06,4469
"Penig, Stadt",9322,63.37,4568
"Mittenwalde, Stadt",15749,99.12,4370
"Olbernhau, Stadt",9526,70.22,4575
"Mücheln (Geiseltal), Stadt",6249,98.58,4496
"Mansfeld, Stadt",6343,143.8,4475
"Breckerfeld, Hansestadt",58339,59.1,4519
"Hemau, St",93155,122.33,4348
"Freystadt, St",92342,80.56,4322
"Plön, Stadt",24306,36.73,4623
"Rain, St",86641,77.13,4418
"Calbe (Saale), Stadt",39240,56.67,4610
"Wetter (Hessen), Stadt",35083,104.56,4398
"Bad Griesbach i.Rottal, St",94086,70.13,4516
"Laufenburg (Baden), Stadt",79725,23.55,4536
"Auerbach i.d.OPf., St",91275,78.25,4490
"Elze, Stadt",31008,47.81,4486
"Bad Lauchstädt, Goethestadt",6246,85.37,4479
"Lauter-Bernsbach, Stadt",8315,30.28,4538
"Borgholzhausen, Stadt",33829,55.99,4454
"Ichenhausen, St",89335,34.27,4333
"Ochsenhausen, Stadt",88416,59.96,4331
"Mendig, Stadt",56743,23.75,4419
"Tirschenreuth, St",95643,103.95,4545
"Volkach, St",97332,60.19,4426
"Nittenau, St",93149,98.73,4278
"Colditz, Stadt",4680,84.09,4439
"Florstadt, Stadt",61197,39.6,4396
"Ueckermünde, Stadt",17373,85.87,4448
"Weida, Stadt",7570,36.8,4414
"Hemmoor, Stadt",21745,45.07,4459
"Kappeln, Stadt",24376,43.32,4501
"Klingenthal, Stadt",8248,50.44,4465
"Waldenbuch, Stadt",71111,22.7,4416
"Barth, Stadt",18356,41.18,4521
"Obernburg a.Main, St",63785,24.82,4387
"Schieder-Schwalenberg, Stadt",32816,60.04,4349
"Naunhof, Stadt",4683,39.72,4416
"Großräschen, Stadt",1983,81.86,4390
"Rauenberg, Stadt",69231,11.12,4339
"Barntrup, Stadt",32683,59.46,4317
"Kirchen (Sieg), Stadt",57548,39.76,4372
"Lützen, Stadt",6686,96.49,4345
"Hainichen, Stadt",9661,51.74,4314
"Neuötting, St",84524,36.6,4410
"Werneuchen, Stadt",16356,117.01,4275
"Lößnitz, Stadt",8294,30.49,4387
"Borgentreich, Orgelstadt4)",34434,138.94,/
"Bad Schussenried, Stadt",88427,55.01,4219
"Berching, St",92334,131.18,4239
"Barby, Stadt",39249,152.76,4295
"Teterow, Stadt",17166,47.07,4355
"Könnern, Stadt",6420,125.28,4272
"Schleiz, Stadt",7907,83.15,4262
"Lauta, Stadt",2991,42.13,4348
"Oranienbaum-Wörlitz, Stadt",6785,115.16,4161
"Bad Sooden-Allendorf, Stadt",37242,73.52,4313
"Vallendar, Stadt",56179,13.22,4346
"Wissen, Stadt",57537,34.88,4244
"Bersenbrück, Stadt",49593,42.54,4260
"Helmbrechts, St",95233,58.72,4324
"Premnitz, Stadt",14727,46.27,4359
"Großbottwar, Stadt",71723,25.51,4190
"Bad Schmiedeberg, Stadt",6905,160.02,4241
"Kirchberg, Stadt",8107,39.57,4367
"Leisnig, Stadt",4703,78.08,4309
"Nierstein, Stadt",55283,19.34,4253
"Hallstadt, St",96103,14.6,4233
"Kandern, Stadt",79400,62.26,4245
"Meßkirch, Stadt",88605,76.22,4144
"Bismark (Altmark), Stadt",39629,289.45,4154
"Dannenberg (Elbe), Stadt",29451,76.62,4169
"Staufenberg, Stadt",35460,28.6,4223
"Vetschau/Spreewald, Stadt",3226,111.51,4119
"Grafenau, St",94481,63.73,4164
"Landstuhl, Sickingenstadt, Stadt",66849,15.34,4195
"Willebadessen, Stadt",34439,128.41,4066
"Falkenstein/Vogtl., Stadt",8223,31.06,4326
"Kuppenheim, Stadt",76456,18.08,4233
"Vohburg a.d.Donau, St",85088,45.18,3981
"Kirn, Stadt",55606,16.53,4216
"Teuchern, Stadt",6682,81.36,4089
"Bad Bergzabern, Stadt",76887,10.71,4299
"Rheinsberg, Stadt",16831,328.22,4067
"Neustadt an der Orla, Stadt",7806,36.73,4201
"Lugau/Erzgeb., Stadt",9385,22.29,4211
"Neunburg vorm Wald, St",92431,110.14,3955
"Seeland, Stadt",6469,78.86,4069
"Viechtach, St",94234,62.47,4088
"Elsterwerda, Stadt",4910,40.58,4156
"Beeskow, Stadt",15848,77.81,4207
"Arnstein, St",97450,112.1,3995
"Staufen im Breisgau, Stadt",79219,23.32,4235
"Bad Lausick, Stadt",4651,70.02,4115
"Oederan, Stadt",9569,77.33,4072
"Altenberg, Stadt",1773,145.89,4003
"Zell am Harmersbach, Stadt",77736,36.41,4056
"Kellinghusen, Stadt",25548,18.81,4060
"Möckmühl, Stadt",74219,49.6,3912
"Neuenbürg, Stadt",75305,28.15,4007
"Dornstetten, Stadt",72280,24.2,4038
"Treuen, Stadt",8233,43.74,4090
"Bad Düben, Stadt",4849,45.83,4132
"Daun, Stadt",54550,49.02,4070
"Wörrstadt, Stadt",55286,16.75,4019
"Knittlingen, Stadt",75438,26.33,4027
"Rottenburg a.d.Laaber, St",84056,90.11,3931
"Simmern/ Hunsrück, Stadt",55469,11.96,4115
"Neresheim, Stadt",73450,118.51,3836
"Kühlungsborn, Stadt",18225,16.17,4151
"Medebach, Hansestadt",59964,126.05,3933
"Harzgerode, Stadt",6493,164.66,3941
"Herrieden, St",91567,81.66,3962
"Bützow, Stadt",18246,39.85,3841
"Bad Liebenstein, Stadt",36448,48.81,4078
"Pockau-Lengefeld, Stadt",9514,83.43,3924
"Schweich, Stadt",54338,31.1,4122
"Allstedt, Stadt",6542,149.81,3908
"Calau, Stadt",3205,163.5,3928
"Belgern-Schildau, Stadt",4874,158.98,3901
"Kirchheimbolanden, Stadt",67292,26.36,4030
"Oberkochen, Stadt",73447,23.55,3956
"Gundelfingen a.d.Donau, St",89423,54.06,3894
"Aken (Elbe), Stadt",6385,59.91,3955
"Bad Herrenalb, Stadt",76332,33.01,3940
"Bönnigheim, Stadt",74357,20.13,3902
"Hermsdorf, Stadt",7629,7.49,3978
"Naila, St",95119,37.04,3994
"Löffingen, Stadt",79843,88.02,3811
"Markneukirchen, Stadt",8258,69.07,3927
"Hardegsen, Stadt",37181,84.03,3929
"Kalbe (Milde), Stadt",39624,272.7,3784
"Ramstein-Miesenbach, Stadt",66877,43.01,3921
"Sontra, Stadt",36205,111.29,3814
"Hüfingen, Stadt",78183,58.55,3833
"Münnerstadt, St",97702,93.11,3730
"Gerolstein, Stadt",54568,64.43,3811
"Ransbach-Baumbach, Stadt",56235,12.15,3886
"Roßwein, Stadt",4741,44.1,3774
"Baiersdorf, St",91083,11.81,3822
"Bad Berka, Stadt",99438,55.32,3889
"Eibenstock, Stadt",8309,112.22,3809
"Pulsnitz, Stadt",1896,26.75,3839
"Groitzsch, Stadt",4539,70.17,3893
"Bad Sachsa, Stadt",37441,33.2,3854
"Friedrichroda, Stadt",99894,36.88,3852
"Bad Kötzting, St",93444,62.15,3800
"Treuenbrietzen, Stadt",14929,212.43,3781
"Malchin, Stadt",17139,95,3759
"Gedern, Stadt",63688,75.24,3661
"Homberg (Ohm), Stadt",35315,88.02,3677
"Oppenheim, Stadt",55276,7.1,3853
"Breuberg, Stadt",64747,30.76,3756
"Vohenstrauß, St",92648,74.91,3777
"Weikersheim, Stadt",97990,80.93,3720
"Radeburg, Stadt",1471,54.01,3679
"Esens, Stadt",26427,21.67,3902
"Teublitz, St",93158,38.23,3690
"Ebern, St",96106,95.01,3605
"Wriezen, Stadt",16269,95.15,3693
"Kremmen, Stadt",16766,209.55,3663
"Saarburg, Stadt",54439,20.63,3796
"Heringen (Werra), Stadt",36266,61.17,3697
"Freyung, St",94078,48.63,3686
"Gundelsheim, Stadt",74831,38.44,3651
"Meldorf, Stadt",25704,21.26,3798
"Otterndorf, Stadt",21762,33.55,3816
"Dettelbach, St",97337,60.94,3614
"Gröditz, Stadt",1609,28.94,3680
"Elzach, Stadt",79215,75.28,3665
"Gerbstedt, Stadt",6347,102.31,3637
"Hartha, Stadt",4746,54.4,3684
"Renchen, Stadt",77871,32.08,3596
"Lengenfeld, Stadt",8485,46.98,3647
"Scheßlitz, St",96110,94.87,3475
"Hecklingen, Stadt",39444,95.34,3626
"Schwarzenbach a.d.Saale, St",95126,59.18,3614
"Annweiler am Trifels, Stadt",76855,39.87,3584
"Laufen, St",83410,35.28,3514
"Neukirchen, Stadt",34626,66.26,3524
"Greding, St",91171,103.74,3480
"Haslach im Kinzigtal, Stadt",77716,18.67,3592
"Bernkastel-Kues, Stadt",54470,23.71,3670
"Zwingenberg, Stadt",64673,5.66,3504
"Leipheim, St",89340,32.15,3382
"Jerichow, Stadt",39319,269.93,3469
"Bad Wimpfen, Stadt",74206,19.38,3516
"Moringen, Stadt",37186,82.39,3393
"Parsberg, St",92331,57.32,3418
"Römhild, Stadt",98630,122.45,3443
"Immenhausen, Stadt",34376,28.54,3496
"Birkenfeld, Stadt",55765,13.64,3440
"Gerolzhofen, St",97447,18.39,3519
"Geiselhöring, St",94333,99.69,3402
"Rodalben, Stadt",66976,15.69,3500
"Schelklingen, Stadt",89601,75.85,3387
"Kahla, Stadt",7768,7.89,3524
"Volkmarsen, Stadt",34471,67.47,3421
"Ebermannstadt, St",91320,49.95,3459
"Arendsee (Altmark), Stadt",39619,269.68,3431
"Neuhaus am Rennweg, Stadt",98724,80.98,3422
"Annaburg, Stadt",6925,224.28,3445
"Bonndorf im Schwarzwald, Stadt",79848,75.91,3343
"Neustadt-Glewe, Stadt",19306,94.14,3350
"Waldeck, Stadt",34513,115.73,3425
"Müncheberg, Stadt",15374,152.29,3352
"Waldmünchen, St",93449,101.17,3453
"Reichelsheim (Wetterau), Stadt",61203,27.6,3414
"Polch, Stadt",56751,28.68,3386
"Böhlen, Stadt",4564,24.56,3453
"Arnstein, Stadt",6333,121.69,3408
"Waldsassen, St",95652,66.53,3405
"Gau-Algesheim, Stadt",55435,13.99,3488
"Glashütte, Stadt",1768,95.64,3339
"Edenkoben, Stadt",67480,17.89,3368
"Dietenheim, Stadt",89165,18.75,3393
"Nortorf, Stadt",24589,12.77,3459
"Friedland, Stadt",17098,132.66,3368
"Bad Blankenburg, Stadt",7422,35.62,3375
"Höchstädt a.d.Donau, St",89420,37.45,3343
"Havelberg, Hansestadt",39539,149.12,3350
"Boxberg, Stadt",97944,101.71,3247
"Mitterteich, St",95666,39.38,3370
"Herdorf, Stadt",57562,17.99,3373
"Großröhrsdorf, Stadt",1900,26.54,3393
"Königsee-Rottenbach, Stadt",7426,84.37,3297
"Zierenberg, Stadt",34289,86.53,3350
"Malchow, Stadt",17213,44.71,3390
"Bernsdorf, Stadt",2994,59.78,3322
"Neuenstein, Stadt",74632,47.84,3185
"Rodewisch, Stadt",8228,26.88,3300
"Maulbronn, Stadt",75433,25.44,3308
"Osterburken, Stadt",74706,47.32,3221
"Ketzin/Havel, Stadt",14669,93.63,3244
"Falkenberg/Elster, Stadt",4895,82.16,3256
"Ilshofen, Stadt",74532,54.87,3162
"Burgkunstadt, St",96224,40.6,3355
"Großalmerode, Stadt",37247,37.62,3291
"Bad Sobernheim, Stadt",55566,54.18,3286
"Rosenfeld, Stadt",72348,51.11,3184
"Blankenhain, Stadt",99444,113.75,3242
"Beerfelden, Stadt",64743,71.19,3192
"Horstmar, Stadt der Burgmannshöfe",48612,44.76,3164
"Trochtelfingen, Stadt",72818,79.2,3140
"Rodenberg, Stadt",31552,15.62,3209
"Gammertingen, Stadt",72501,52.97,3069
"Wittenburg, Stadt",19243,80.08,3096
"Bad Brückenau, St",97769,23.71,3239
"Bad Rodach, St",96476,77.65,3211
"Nienburg (Saale), Stadt",6429,79.14,3205
"Grafenwöhr, St",92655,216.21,3218
"Uffenheim, St",97215,59.46,3206
"Schirgiswalde-Kirschau, Stadt",2681,24.34,3156
"Dohna, Stadt",1809,28.59,3148
"Alpirsbach, Stadt",72275,64.55,3095
"Thalheim/Erzgeb., Stadt",9380,10.79,3247
"Pegau, Stadt",4523,48.8,3213
"Güglingen, Stadt",74363,16.27,3056
"Altenkirchen (Westerwald), Stadt",57610,10.98,3271
"Spangenberg, Liebenbachstadt",34286,97.7,3024
"Neuffen, Stadt",72639,17.43,3107
"Zell im Wiesental, Stadt",79669,36.12,3139
"Nieheim, Stadt",33039,79.71,3007
"Beilstein, Stadt",71717,25.24,3115
"Geisingen, Stadt",78187,73.75,3047
"Neumarkt-Sankt Veit, St",84494,61.07,3097
"Lübz, Stadt",19386,57.73,3211
"Bleicherode, Stadt",99752,28.32,3126
"Heitersheim, Stadt",79423,11.71,3126
"Hermeskeil, Stadt",54411,30.89,3092
"Stavenhagen, Reuterstadt, Stadt",17153,41.02,3049
"Klingenberg a.Main, St",63911,21.12,3060
"Brotterode-Trusetal, Stadt",98596,49.68,3100
"Dietfurt a.d.Altmühl, St",92345,78.71,2902
"Plau am See, Stadt",19395,116.27,3106
"Windsbach, St",91575,68.12,2936
"Mügeln, Stadt",4769,55.08,3075
"Nabburg, St",92507,62.38,3049
"Thannhausen, St",86470,20.03,3117
"Braunlage, Stadt",38700,31.65,3016
"Kölleda, Stadt",99625,70.4,3051
"Herrnhut, Stadt",2747,74.12,3055
"Bad Lobenstein, Stadt",7356,48.92,3038
"Wassertrüdingen, St",91717,53.57,3010
"Rötha, Stadt",4571,46.16,2950
"Bad Königshofen i.Grabfeld, St",97631,69.51,3086
"Grünhain-Beierfeld, Stadt",8344,22.25,3016
"Glücksburg (Ostsee), Stadt",24960,39.7,3136
"Dornhan, Stadt",72175,44.92,2977
"Norderney, Stadt",26548,26.31,3141
"Linz am Rhein, Stadt",53545,17.98,3107
"Vilseck, St",92249,64.69,3004
"Oberlungwitz, Stadt",9353,14.68,3043
"Hachenburg, Stadt",57627,21.43,3139
"Geislingen, Stadt",72351,31.96,2936
"Gransee, Stadt",16775,121.68,2933
"Stadtroda, Stadt",7646,16.76,3015
"Riedenburg, St",93339,100.3,2903
"Vogtsburg im Kaiserstuhl, Stadt",79235,37.36,2912
"Bad Marienberg (Westerwald), Stadt",56470,9.95,2980
"Fürstenberg/Havel, Stadt",16798,213.85,2966
"Bad Hönningen, Stadt",53557,20.09,2977
"Rochlitz, Stadt",9306,23.76,3050
"Schlüsselfeld, St",96132,70.24,2850
"Tittmoning, St",84529,72.01,2850
"Hausach, Stadt",77756,36.07,2901
"Leun, Stadt",35638,28.66,2895
"Grebenstein, Stadt",34393,49.85,2928
"Marne, Stadt",25709,4.83,3039
"Neustadt a.d.Waldnaab, St",92660,9.93,2930
"Meersburg, Stadt",88709,12.07,3029
"Hirschau, St",92242,74.96,2941
"Bräunlingen, Stadt",78199,62.14,2891
"Wemding, St",86650,31.6,2956
"Haiterbach, Stadt",72221,28.92,2900
"Wittichenau, Stadt",2997,61.02,2959
"Wolfach, Stadt",77709,67.97,2879
"Stadtoldendorf, Stadt",37627,24.92,2930
"Waibstadt, Stadt",74915,25.57,2915
"Westerburg, Stadt",56457,18.48,2962
"Schwarzheide, Stadt",1987,33.44,2886
"Dierdorf, Stadt",56269,31.98,2864
"Traben-Trarbach, Stadt",56841,31.35,2866
"Grabow, Stadt",19300,72.27,2873
"Großschirma, Stadt",9603,61.63,2835
"Biesenthal, Stadt",16359,60.92,2864
"Mellrichstadt, St",97638,55.99,2843
"Stolpen, Stadt",1833,60.89,2833
"Bad Gottleuba-Berggießhübel, Stadt",1816,88.72,2837
"Schrozberg, Stadt",74575,105.21,2745
"Eisfeld, Stadt",98673,52.68,2795
"Drebkau, Stadt",3116,143.91,2766
"Ruhla, Stadt",99842,38.55,2847
"Münzenberg, Stadt",35516,31.63,2841
"Zeil a.Main, St",97475,35.72,2838
"Ellrich, Stadt",99755,69.43,2813
"Leutershausen, St",91578,84.07,2789
"Schöppenstedt, Stadt",38170,39.73,2819
"Abenberg, St",91183,48.41,2845
"Gersfeld (Rhön), Stadt",36129,89.37,2792
"Bodenwerder, Münchhausenstadt",37619,29.05,2855
"Neubulach, Stadt",75387,24.69,2783
"Artern/Unstrut, Stadt",6556,24.19,2830
"Ohrdruf, Stadt",99885,39.78,2742
"Laage, Stadt",18299,81.6,2770
"Harburg (Schwaben), St",86655,73.16,2740
"Gadebusch, Stadt",19205,47.76,2809
"Ingelfingen, Stadt",74653,46.48,2771
"Hagenbach, Stadt",76767,15.86,2769
"Seelow, Stadt",15306,42.73,2815
"Dornburg-Camburg, Stadt",7774,30.77,2785
"Pfreimd, St",92536,51.45,2707
"Bredstedt, Stadt",25821,9.75,2759
"Falkenstein/Harz, Stadt",6463,102.97,2668
"Prüm, Stadt",54595,22.87,2680
"Kemnath, St",95478,56.8,2767
"Schleusingen, Stadt",98553,36.88,2742
"Burg Stargard, Stadt",17094,76.61,2746
"Tharandt, Stadt",1737,71.22,2661
"Lütjenburg, Stadt",24321,6.15,2771
"Kastellaun, Stadt",56288,8.47,2663
"Niedenstein, Stadt",34305,30.61,2620
"Otterberg, Stadt",67697,32.11,2744
"Battenberg (Eder), Stadt",35088,64.73,2667
"Geithain, Stadt",4643,30.22,2745
"Thum, Stadt",9419,18.9,2694
"Uebigau-Wahrenbrück, Stadt",4938,135.61,2627
"Wirges, Stadt",56422,10.11,2733
"Altentreptow, Stadt",17087,53.08,2734
"Cochem, Stadt",56812,21.18,2614
"Velburg, St",92355,175.66,2637
"Pottenstein, St",91278,73.29,2613
"Eltmann, St",97483,40.75,2593
"Kusel, Stadt",66869,14.37,2687
"Vacha, Stadt",36404,44.41,2659
"Rockenhausen, Stadt",67806,36.83,2652
"Arzberg, St",95659,43.19,2618
"Diemelstadt, Stadt",34474,82.58,2566
"Külsheim, Stadt",97900,81.43,2538
"Munderkingen, Stadt",89597,13.07,2637
"Borkum, Stadt",26757,30.98,2742
"Neudenau, Stadt",74861,32.91,2567
"Heimsheim, Stadt",71296,14.3,2346
"Stühlingen, Stadt",79780,93.16,2548
"Amöneburg, Stadt",35287,43.95,2566
"Zarrentin am Schaalsee, Stadt",19246,91.91,2546
"Unkel, Stadt",53572,8.16,2681
"Erbendorf, St",92681,67.56,2580
"Oettingen i.Bay., St",86732,34.22,2572
"Röbel/Müritz, Stadt",17207,30.69,2690
"Lindenfels, Stadt",64678,21.09,2554
"Naumburg, Stadt",34311,66.29,2591
"Hofheim i.UFr., St",97461,56.34,2566
"Treffurt, Stadt",99830,54.77,2560
"Hollfeld, St",96142,80.65,2581
"Freinsheim, Stadt",67251,13.59,2618
"Marienmünster, Stadt",37696,64.36,2531
"Pausa-Mühltroff, Stadt",7952,64.13,2547
"Reichenbach/O.L., Stadt",2894,62.64,2548
"Adorf/Vogtl., Stadt",8626,42.92,2605
"Trendelburg, Stadt",34388,69.35,2530
"Freren, Stadt",49832,48.97,2476
"Wilthen, Stadt",2681,17.04,2617
"Forchtenberg, Stadt",74670,38.09,2465
"Windischeschenbach, St",92670,36.37,2508
"Ronneburg, Stadt",7580,19.13,2590
"Monheim, St",86653,69.33,2439
"Lommatzsch, Stadt",1623,66.63,2563
"Dahme/Mark, Stadt",15936,162.59,2512
"Adelsheim, Stadt",74740,43.84,2336
"Roßleben, Stadt",6571,33.57,2550
"Tönning, Stadt",25832,44.41,2504
"Seehausen (Altmark), Hansestadt",39615,107,2538
"Steinbach-Hallenberg, Kurort, Stadt",98587,22.64,2569
"Kitzscher, Stadt",4567,29.04,2532
"Mahlberg, Stadt",77972,16.59,2474
"Schwaan, Stadt",18258,38.28,2512
"Spalt, St",91174,55.67,2466
"Oberviechtach, St",92526,62.42,2480
"Hitzacker (Elbe), Stadt",29456,58.67,2565
"Lichtenau, Stadt",77839,27.61,2459
"Todtnau, Stadt",79674,69.75,2481
"Creußen, St",95473,60.47,2470
"Strasburg (Uckermark), Stadt",17335,87.47,2499
"Crivitz, Stadt",19089,75.87,2545
"Niederstetten, Stadt",97996,104.05,2373
"Weismain, St",96260,90.14,2381
"Herbstein, Stadt",36358,79.98,2347
"Heringen/Helme, Stadt",99765,66.91,2389
"Eggesin, Stadt",17367,88.23,2452
"Emmelshausen, Stadt",56281,7.9,2475
"Lübtheen, Stadt",19249,120.17,2241
"Kröpelin, Stadt",18236,67.54,2412
"Triberg im Schwarzwald, Stadt",78098,33.33,2384
"Bad Sulza, Stadt",99518,45.49,2450
"Ehrenfriedersdorf, Stadt",9427,15.89,2462
"Geisa, Stadt",36419,71.94,2362
"Wörth a.d.Donau, St",93086,52.25,2310
"Freyburg (Unstrut), Stadt",6632,46.55,2434
"Oppenau, Stadt",77728,72.98,2347
"Stadtilm, Stadt",99326,17.34,2402
"Bischofsheim a.d.Rhön, St",97653,67.7,2393
"Wachenheim an der Weinstraße, Stadt",67157,24.97,2393
"Lauchheim, Stadt",73466,40.86,2314
"Creglingen, Stadt",97993,117.23,2327
"Rothenburg/O.L., Stadt",2929,72.4,2347
"Groß-Bieberau, Stadt",64401,18.27,2340
"Wörth a.Main, St",63939,15.88,2362
"Schömberg, Stadt",72355,23.25,2277
"Hartenstein, Stadt",8118,36.7,2404
"Heideck, St",91180,58.64,2276
"Niederstotzingen, Stadt",89168,29.81,2320
"Dahn, Stadt",66994,40.76,2368
"Scheinfeld, St",91443,45.12,2340
"Iphofen, St",97346,78.06,2329
"Nassau, Stadt",56377,17.55,2304
"Müllrose, Stadt",15299,69.24,2362
"Krautheim, Stadt",74238,52.9,2186
"Augustusburg, Stadt",9573,23.38,2293
"Marlow, Stadt",18337,140.52,2199
"Tengen, Stadt",78250,62.04,2290
"Schwarzenbach a.Wald, St",95131,36.7,2309
"Hallenberg, Stadt",59969,65.35,2194
"Tann (Rhön), Stadt",36142,60.45,2211
"Schönau, Stadt",69250,22.49,2221
"Dargun, Stadt",17159,118.01,2250
"Gefrees, St",95482,50.32,2280
"Wilster, Stadt",25554,2.71,2247
"Königsbrück, Stadt",1936,78.48,2232
"Rabenau, Stadt",1734,30.73,2198
"Kirchberg an der Jagst, Stadt",74592,40.93,2041
"Peitz, Stadt",3185,13.49,2215
"Schönberg, Stadt",23923,38.21,2242
"Lunzenau, Stadt",9328,28.33,2234
"Rauschenberg, Stadt",35282,67.33,2237
"Selbitz, St",95152,27.74,2307
"Woldegk, Stadt",17348,156.29,2149
"Waldkappel, Stadt",37284,96.48,2166
"Heimbach, Stadt",52396,64.96,2143
"Rennerod, Stadt",56477,18.14,2126
"Putbus, Stadt",18581,66.68,2202
"Loitz, Stadt",17121,89.9,2217
"Dahlen, Stadt",4774,71.87,2200
"Vellberg, Stadt",74541,31.89,2173
"Dransfeld, Stadt",37127,28.91,2215
"Bad Berneck i.Fichtelgebirge, St",95460,33.56,2184
"Dingelstädt, Stadt",37351,20.45,2143
"Pressath, St",92690,66.34,2206
"Gerabronn, Stadt",74582,40.38,2142
"Liebenwalde, Stadt",16559,142.17,2111
"Waldershof, St",95679,60.37,2136
"Geringswalde, Stadt",9326,30.06,2167
"Berka/Werra, Stadt",99837,57.09,2107
"Sternberg, Stadt",19406,67.7,2228
"Hornberg, Stadt",78132,54.45,2122
"Tambach-Dietharz/Thür. Wald, Stadt",99897,41.63,2117
"Penzlin, Stadt",17217,115.56,2108
"Güsten, Stadt",39439,36.16,2126
"Schnaittenbach, St",92253,63.41,2072
"Lichtenfels, Stadt",35104,96.73,2028
"Wyk auf Föhr, Stadt",25938,8,2256
"Wanfried, Stadt",37281,46.9,2089
"Allendorf (Lumda), Stadt",35469,22.01,2042
"Nastätten, Stadt",56355,13.05,2121
"Baruth/Mark, Stadt",15837,233.84,2017
"Elsterberg, Stadt",7985,25.1,2112
"Johanngeorgenstadt, Stadt",8349,29.58,2107
"Zell (Mosel), Stadt",56856,44.95,2034
"Bad Buchau, Stadt",88422,23.75,2058
"Dassow, Stadt",23942,66.98,2005
"Niedernhall, Stadt",74676,17.71,1998
"Neckarbischofsheim, Stadt",74924,26.4,2034
"Waldenburg, Stadt",8396,25.06,2059
"Rheinböllen, Stadt",55494,16.36,2053
"Pappenheim, St",91788,64.32,2030
"Gemünden (Wohra), Stadt",35285,58.67,1981
"Baunach, St",96148,32.14,1967
"St. Blasien, Stadt",79837,54.41,2070
"Gräfenberg, St",91322,37.83,1975
"Baumholder, Stadt",55774,69.19,2094
"Brück, Stadt",14822,86.19,1915
"Netzschkau, Stadt",8491,12.51,2061
"Amorbach, St",63916,50.9,2038
"Eschenbach i.d.OPf., St",92676,35.13,2071
"Lorch, Stadt",65391,54.53,1949
"Mirow, Stadt",17252,158.3,2054
"Lambrecht (Pfalz), Stadt",67466,8.32,2041
"Seßlach, St",96145,72.53,1935
"Steinach, Stadt",96523,26.35,2007
"Kirchberg (Hunsrück), Stadt",55481,18.05,1974
"Wolkenstein, Stadt",9429,30.51,1982
"Regis-Breitingen, Stadt",4565,26.37,1905
"Neukloster, Stadt",23992,27.51,1926
"Hoya, Stadt",27318,8.42,1973
"Neubukow, Stadt",18233,25.12,1955
"Neckarsteinach, Stadt",69239,17.23,1929
"Tessin, Stadt",18195,24.51,1981
"Trebsen/Mulde, Stadt",4687,35.03,1941
"Bad Karlshafen, Stadt",34385,14.85,1884
"Vöhrenbach, Stadt",78147,70.47,1876
"Schiltach, Stadt",77761,34.21,1943
"Mühlberg/Elbe, Stadt",4931,89.2,1905
"Deidesheim, Stadt",67146,26.54,1968
"Lucka, Stadt",4613,12.93,1968
"Gehren, Stadt",98708,43.79,1877
"Freudenberg, Stadt",97896,34.76,1881
"Marktbreit, St",97340,20.16,1811
"Strehla, Stadt",1616,30.28,1913
"Seifhennersdorf, Stadt",2782,19.12,1910
"Bad Elster, Stadt",8645,19.77,1939
"Triptis, Stadt",7819,33.15,1901
"Ellingen, St",91792,31.25,1848
"Ruhland, Stadt",1945,37.22,1890
"Tegernsee, St",83684,22.77,1960
"Bad Schandau, Stadt",1814,46.76,1870
"Grünsfeld, Stadt",97947,44.72,1818
"Schlotheim, Stadt",99994,22.4,1879
"Wildenfels, Stadt",8134,20.69,1824
"Königsberg i.Bay., St",97486,61.88,1823
"Tanna, Stadt",7922,87.35,1836
"Greußen, Stadt",99718,19.21,1832
"Bad Muskau, Stadt",2953,15.38,1864
"Auma-Weidatal, Stadt",7955,55.91,1805
"Bad Köstritz, Stadt",7586,16.93,1876
"Goldberg, Stadt",19399,64.72,1846
"Gröningen, Stadt",39397,59.68,1797
"Mühlheim an der Donau, Stadt",78570,21.74,1794
"Geyer, Stadt",9468,18.56,1827
"Welzow, Stadt",3119,39.57,1803
"Langewiesen, Stadt",98704,27.51,1772
"Münstermaifeld, Stadt",56294,27.77,1792
"Krakow am See, Stadt",18292,87.37,1749
"Rehna, Stadt",19217,44.59,1755
"Goldkronach, St",95497,23.24,1778
"Saalburg-Ebersdorf, Stadt",7929,72.05,1765
"Eschershausen, Stadt",37632,23.92,1722
"Weißensee, Stadt",99631,46.71,1761
"Hirschhorn (Neckar), Stadt",69434,30.86,1743
"Joachimsthal, Stadt",16247,121.73,1703
"Gößnitz, Stadt",4639,14.07,1773
"Rötz, St",92444,66.68,1679
"Ludwigsstadt, St",96337,58.75,1727
"Kelbra (Kyffhäuser), Stadt",6537,40.55,1721
"Neustadt (Dosse), Stadt",16845,75.87,1743
"Owen, Stadt",73277,9.7,1694
"Neusalza-Spremberg, Stadt",2742,22.91,1732
"Speicher, Stadt",54662,15.36,1712
"Bernstadt a. d. Eigen, Stadt",2748,52,1702
"Wasungen, Stadt",98634,29.51,1681
"Lauscha, Stadt",98724,18.72,1717
"Kranichfeld, Stadt",99448,23.1,1699
"Kaltennordheim, Stadt",36452,40.47,1660
"Berga/Elster, Stadt",7980,43.52,1695
"Ostheim v.d.Rhön, St",97645,40.85,1673
"Hohnstein, Stadt",1848,64.64,1664
"Egeln, Stadt",39435,29.14,1691
"Ulmen, Stadt",56766,28.74,1676
"Kirchenlamitz, St",95158,48.48,1676
"Döbern, Stadt",3159,15.79,1717
"Wesselburen, Stadt",25764,5.14,1704
"Oberriexingen, Stadt",71739,8.16,1625
"Löwenstein, Stadt",74245,23.46,1627
"Stromberg, Stadt",55442,9.01,1698
"Sonnewalde, Stadt",3249,119.29,1594
"Nebra (Unstrut), Stadt",6642,25.42,1656
"Havelsee, Stadt",14798,81.97,1609
"Warin, Stadt",19417,44.45,1659
"Lychen, Stadt",17279,111.99,1661
"Wurzbach, Stadt",7343,72.32,1611
"Kirtorf, Stadt",36320,79.91,1590
"Burgbernheim, St",91593,42.3,1617
"Schöneck/Vogtl., Stadt",8261,55.06,1647
"Schönwald, St",95173,19.19,1653
"Bärnau, St",95671,74.41,1531
"Kaisersesch, Stadt",56759,8.18,1625
"Hillesheim, Stadt",54576,20.66,1601
"Weißenberg, Stadt",2627,50.96,1527
"Weißenstadt, St",95163,42.23,1613
"Lebus, Stadt",15326,54.29,1562
"Stadtsteinach, St",95346,39.79,1609
"Fridingen an der Donau, Stadt",78567,22.47,1572
"Liebenau, Stadt",34396,48.87,1615
"Klütz, Stadt",23948,44.41,1619
"Marktleuthen, St",95168,35.48,1586
"Bad Teinach-Zavelstein, Stadt",75385,25.17,1497
"Prichsenstadt, St",97357,48.87,1501
"Schönewalde, Stadt",4916,156.18,1476
"Bürgel, Stadt",7616,27.19,1547
"Waischenfeld, St",91344,57.19,1486
"Hatzfeld (Eder), Stadt",35116,58.51,1495
"Wolframs-Eschenbach, St",91639,25.47,1535
"Dömitz, Stadt",19303,60.57,1554
"Gützkow, Stadt",17506,57.65,1514
"Wesenberg, Stadt",17255,89.64,1532
"Eibelstadt, St",97246,7.07,1580
"Braubach, Stadt",56338,19.5,1512
"Waldenburg, Stadt",74638,31.55,1478
"Lindow (Mark), Stadt",16835,65.47,1476
"Ulrichstein, Stadt",35327,65.61,1477
"Jarmen, Stadt",17126,30.71,1483
"Friedland, Stadt",15848,174.23,1463
"Münchenbernsdorf, Stadt",7589,15.45,1526
"Schalkau, Stadt",96528,33.57,1470
"Merkendorf, St",91732,26.07,1449
"Frankenau, Stadt",35110,57.29,1456
"Adenau, Stadt",53518,18.56,1495
"Rhens, Stadt",56321,16.31,1491
"Gnoien, Stadt",17179,41.11,1479
"Laucha an der Unstrut, Stadt",6636,31.14,1438
"Remda-Teichel, Stadt",7407,79.76,1419
"Elterlein, Stadt",9481,45.74,1451
"Themar, Stadt",98660,20.18,1484
"Frauenstein, Stadt",9623,59,1418
"Meisenheim, Stadt",55590,10.33,1459
"Wustrow (Wendland), Stadt",29462,30.19,1430
"Oberwesel, Stadt",55430,18.08,1469
"Ravenstein, Stadt",74747,55.97,1369
"Elstra, Stadt",1920,32.63,1397
"Schillingsfürst, St",91583,27.5,1411
"Bad Bibra, Stadt",6647,49.77,1390
"Selters (Westerwald), Stadt",56242,8.7,1407
"Jöhstadt, Stadt",9477,49.7,1343
"Wallenfels, St",96346,45.65,1373
"Sankt Goar, Stadt",56329,23.17,1368
"Putlitz, Stadt",16949,119.68,1318
"Romrod, Stadt",36329,54.43,1380
"Sulzburg, Stadt",79295,22.74,1392
"Tribsees, Stadt",18465,54.98,1349
"Garding, Stadt",25836,3.06,1375
"Ebeleben, Stadt",99713,40.74,1300
"Großbreitenbach, Stadt",98701,19.6,1271
"Wegeleben, Stadt",38828,51.78,1276
"Schkölen, Stadt",7619,53.43,1268
"Kohren-Sahlis, Stadt",4655,36.8,1286
"Alsleben (Saale), Stadt",6425,23.64,1349
"Bad Wilsnack, Stadt",19336,79.62,1342
"Golßen, Stadt",15938,63.68,1296
"Lauterstein, Stadt",73111,23.31,1310
"Brüel, Stadt",19412,27.21,1301
"Friesack, Stadt",14662,84.01,1261
"Friedrichstadt, Stadt",25840,4.03,1333
"Schwanebeck, Stadt",39397,32.66,1283
"Gartz (Oder), Stadt",16307,61.89,1288
"Bad Tennstedt, Stadt",99955,27.42,1274
"Dommitzsch, Stadt",4880,30.44,1266
"Scheer, Stadt",72516,18.72,1220
"Gefell, Stadt",7926,45.22,1265
"Betzenstein, St",91282,51.84,1239
"Buttstädt, Stadt",99628,18.36,1246
"Osterfeld, Stadt",6721,27.61,1201
"Rastenberg, Stadt",99636,35.52,1231
"Schönau im Schwarzwald, Stadt",79677,14.72,1225
"Schönsee, St",92539,50.28,1223
"Ziesar, Stadt",14793,67.95,1248
"Pleystein, St",92714,42.4,1220
"Schlieben, Stadt",4936,78.65,1223
"Stadtlengsfeld, Stadt",36457,27.7,1186
"Großenehrich, Stadt",99718,63.34,1192
"Eckartsberga, Stadt",6648,35.97,1177
"Grebenau, Stadt",36323,55.37,1172
"Schlettau, Stadt",9487,21.22,1242
"Krempe, Stadt",25361,3.39,1211
"Ostritz, Stadt",2899,23.48,1205
"Creuzburg, Stadt",99831,35.4,1195
"Rethem (Aller), Stadt",27336,34.03,1180
"Fladungen, St",97650,46.34,1137
"Aach, Stadt",78267,10.68,1102
"Heldrungen, Stadt",6577,23.27,1156
"Katzenelnbogen, Stadt",56368,9.18,1158
"Garz/Rügen, Stadt",18574,65.89,1102
"Rosenthal, Stadt",35119,51.54,1103
"Hayingen, Stadt",72534,63.36,1076
"Hirschberg, Stadt",7927,24.13,1102
"Oderberg, Stadt",16248,36.12,1077
"Lenzen (Elbe), Stadt",19309,96.19,1111
"Mainbernheim, St",97350,12.21,1071
"Oberwiesenthal, Kurort, Stadt",9484,40.02,1107
"Leutenberg, Stadt",7338,57.52,1089
"Ortrand, Stadt",1990,7.36,1115
"Rerik, Stadt",18230,34.22,1124
"Gebesee, Stadt",99189,24.08,1071
"Königstein/Sächs. Schw., Stadt",1824,27.05,1053
"Veringenstadt, Stadt",72519,31.25,1056
"Meyenburg, Stadt",16945,50.74,1058
"Scheibenberg, Stadt",9481,9,1064
"Lauterecken, Stadt",67742,8.89,1082
"Wiesensteig, Stadt",73349,23.41,1009
"Bad Colberg-Heldburg, Stadt",98663,53.39,1007
"Magdala, Stadt",99441,20.58,1024
"Niemegk, Stadt",14823,45.12,987
"Gräfenthal, Stadt",98743,36.42,1018
"Teuschnitz, St",96358,34.25,1021
"Rieneck, St",97794,26.19,1022
"Wolfstein, Stadt",67752,13.75,979
"Marktsteft, St",97342,10.51,948
"Sachsenhagen, Stadt",31553,15.29,971
"Schauenstein, St",95197,26.66,976
"Bacharach, Stadt",55422,23.35,951
"Wiehe, Stadt",6571,24.51,957
"Plaue, Stadt",99338,18.19,951
"Brüssow, Stadt",17326,101.83,938
"Kindelbrück, Stadt",99638,13.36,948
"Penkun, Stadt",17328,78.88,921
"Teupitz, Stadt",15755,48.15,901
"Sayda, Stadt",9619,35.3,943
"Velden, St",91235,21.34,913
"Widdern, Stadt",74259,25.23,878
"Langenburg, Stadt",74595,31.4,883
"Usedom, Stadt",17406,38.98,921
"Hettingen, Stadt",72513,46.06,895
"Neukalen, Stadt",17154,47.97,884
"Bad Sülze, Stadt",18334,26.66,883
"Ranis, Stadt",7389,10.57,891
"Röttingen, St",97285,27.21,877
"Oberweißbach/Thür. Wald, Stadt",98744,9.65,904
"Lehesten, Stadt",7349,35.94,824
"Ornbau, St",91737,15.16,812
"Oberhof, Stadt",98559,23.4,833
"Rhinow, Stadt",14728,31.66,805
"Stadt Wehlen, Stadt",1829,10.85,788
"Neuerburg, Stadt",54673,10.17,782
"Arneburg, Stadt",39596,30.64,782
"Lassan, Stadt",17440,28.18,734
"Stadtprozelten, St",97909,10.87,726
"Buckow (Märkische Schweiz), Stadt",15377,14.42,756
"Hohenleuben, Stadt",7958,9.53,673
"Aub, St",97239,17.54,718
"Hornbach, Stadt",66500,13.33,724
"Kroppenstedt, Stadt",39397,38.65,718
"Hohenberg a.d.Eger, St",95691,15.66,721
"Franzburg, Stadt",18461,15.2,721
"Schwarzenborn, Stadt",34639,26.9,564
"Manderscheid, Stadt",54531,10.06,719
"Lieberose, Stadt",15868,73.03,682
"Liebstadt, Stadt",1825,37.36,654
"Sankt Goarshausen, Loreleystadt, Stadt",56346,7.06,666
"Richtenberg, Stadt",18461,15.68,660
"Buttelstedt, Stadt",99439,18.85,659
"Neustadt am Kulm, St",95514,20.3,583
"Orlamünde, Stadt",7768,7.47,570
"Schraplau, Stadt",6279,7.06,569
"Werben (Elbe), Hansestadt",39615,53.37,534
"Obermoschel, Stadt",67823,10.15,521
"Kupferberg, St",95362,8.29,515
"Lichtenberg, St",95192,9.47,532
"Clingen, Stadt",99718,10.75,519
"Rothenfels, St",97851,12.07,484
"Stößen, Stadt",6667,7.29,486
"Kyllburg, Stadt",54655,4.62,436
"Sandau (Elbe), Stadt",39524,18.58,445
"Kaub, Stadt",56349,13.05,411
"Märkisch Buchholz, Stadt",15748,24.86,395
"Ziegenrück, Stadt",7924,8.25,343
"Schnackenburg, Stadt",29493,23.76,270
"Neumark, Stadt",99439,8.67,233
"Ummerstadt, Stadt",98663,15.73,228
"Arnis, Stadt",24399,0.45,132
